Start_Date,Start_Time,Stop_Date,Stop_Time,Seq.Program,Site,Core,Valve,Mass_g,Initials,Notes1,Notes2,time,date,error,error,edits made
2019-07-01,10:29,2019-07-01,11:43,,SR,51,1,271.22,CGN,,,,1,,,
2019-07-01,10:29,2019-07-01,11:43,,SR,53,2,279.82,CGN,,,,1,,,
2019-07-01,10:29,2019-07-01,11:43,,SR,59,3,326.32,CGN,,,,1,,,
2019-07-01,10:29,2019-07-01,11:43,,SR,52,4,314.24,CGN,,,,1,,,
2019-07-01,10:29,2019-07-01,11:43,,SR,56,5,311.76,CGN,,,,1,,,
2019-07-01,10:29,2019-07-01,11:43,,SR,45,6,287.49,CGN,,,,1,,,
2019-07-01,10:29,2019-07-01,11:43,,SR,64,7,250.81,CGN,,,,1,,,
2019-07-01,10:29,2019-07-01,11:43,,SR,65,8,345.46,CGN,,,,1,,,
2019-07-01,10:29,2019-07-01,11:43,,SR,46,9,277.57,CGN,,,,1,,,
2019-07-01,10:29,2019-07-01,11:43,,SR,57,10,261.6,CGN,,,,1,,,
2019-07-01,10:29,2019-07-01,11:43,,SR,63,11,306.48,CGN,,,,1,,,
2019-07-01,10:29,2019-07-01,11:43,,SR,58,12,333.7,CGN,,,,1,,,
2019-07-01,10:29,2019-07-01,11:43,,SR,44,13,271.96,CGN,,,,1,,,
2019-07-01,10:29,2019-07-01,11:43,,SR,62,14,342.61,CGN,,,,1,,,
2019-07-01,10:29,2019-07-01,11:43,,SR,43,15,294.14,CGN,,,,1,,,
2019-07-01,10:29,2019-07-01,11:43,,SR,,16,,CGN,,,,1,,,
2019-07-01,11:44,2019-07-01,13:08,,SR,39,1,321.14,CGN,,,,1,,,
2019-07-01,11:44,2019-07-01,13:08,,SR,60,2,337.71,CGN,,,,1,,,
2019-07-01,11:44,2019-07-01,13:08,,SR,42,3,318.42,CGN,,,,1,,,
2019-07-01,11:44,2019-07-01,13:08,,SR,33,4,289.36,CGN,,,,1,,,
2019-07-01,11:44,2019-07-01,13:08,,SR,41,5,308.36,CGN,,,,1,,,
2019-07-01,11:44,2019-07-01,13:08,,SR,34,6,324.52,CGN,,,,1,,,
2019-07-01,11:44,2019-07-01,13:08,,SR,37,7,338.09,CGN,,,,1,,,
2019-07-01,11:44,2019-07-01,13:08,,SR,47,8,289.46,CGN,,,,1,,,
2019-07-01,11:44,2019-07-01,13:08,,SR,55,9,312.01,CGN,,,,1,,,
2019-07-01,11:44,2019-07-01,13:08,,SR,40,10,317.82,CGN,,,,1,,,
2019-07-01,11:44,2019-07-01,13:08,,SR,54,11,328.85,CGN,,,,1,,,
2019-07-01,11:44,2019-07-01,13:08,,SR,32,12,247.48,CGN,,,,1,,,
2019-07-01,11:44,2019-07-01,13:08,,SR,61,13,335.58,CGN,,,,1,,,
2019-07-01,11:44,2019-07-01,13:08,,SR,49,14,281.14,CGN,,,,1,,,
2019-07-01,11:44,2019-07-01,13:08,,SR,48,15,296.21,CGN,,,,1,,,
2019-07-01,11:44,2019-07-01,13:08,,SR,,16,,CGN,,,,1,,,
2019-07-01,13:09,2019-07-01,14:28,,SR,70,1,243.13,CGN,,,,1,,,
2019-07-01,13:09,2019-07-01,14:28,,SR,89,2,319.79,CGN,,,,1,,,
2019-07-01,13:09,2019-07-01,14:28,,SR,94,3,205.87,CGN,,,,1,,,
2019-07-01,13:09,2019-07-01,14:28,,SR,69,4,316.22,CGN,,,,1,,,
2019-07-01,13:09,2019-07-01,14:28,,SR,75,5,331.32,CGN,,,,1,,,
2019-07-01,13:09,2019-07-01,14:28,,SR,83,6,266.08,CGN,,,,1,,,
2019-07-01,13:09,2019-07-01,14:28,,SR,77,7,252.17,CGN,,,,1,,,
2019-07-01,13:09,2019-07-01,14:28,,SR,82,8,307.38,CGN,,,,1,,,
2019-07-01,13:09,2019-07-01,14:28,,SR,88,9,235.65,CGN,,,,1,,,
2019-07-01,13:09,2019-07-01,14:28,,SR,38,10,321.45,CGN,,,,1,,,
2019-07-01,13:09,2019-07-01,14:28,,SR,31,11,310,CGN,,,,1,,,
2019-07-01,13:09,2019-07-01,14:28,,SR,71,12,339.57,CGN,,,,1,,,
2019-07-01,13:09,2019-07-01,14:28,,SR,95,13,358.46,CGN,,,,1,,,
2019-07-01,13:09,2019-07-01,14:28,,SR,35,14,325.94,CGN,,,,1,,,
2019-07-01,13:09,2019-07-01,14:28,,SR,36,15,315.59,CGN,,,,1,,,
2019-07-01,13:09,2019-07-01,14:28,,SR,,16,,CGN,,,,1,,,
2019-07-01,14:29,2019-07-02,10:01,,SR,79,1,251.76,CGN/SF,,,0,0,,0,
2019-07-01,14:29,2019-07-02,10:01,,SR,86,2,300.37,CGN/SF,,,0,0,,0,
2019-07-01,14:29,2019-07-02,10:01,,SR,92,3,266.85,CGN/SF,,,0,0,,0,
2019-07-01,14:29,2019-07-02,10:01,,SR,90,4,285.03,CGN/SF,,,0,0,,0,
2019-07-01,14:29,2019-07-02,10:01,,SR,91,5,350.61,CGN/SF,,,0,0,,0,
2019-07-01,14:29,2019-07-02,10:01,,SR,73,6,355.16,CGN/SF,,,0,0,,0,
2019-07-01,14:29,2019-07-02,10:01,,SR,68,7,295,CGN/SF,,,0,0,,0,
2019-07-01,14:29,2019-07-02,10:01,,SR,81,8,356.28,CGN/SF,,,0,0,,0,
2019-07-01,14:29,2019-07-02,10:01,,SR,84,9,353.85,CGN/SF,,,0,0,,0,
2019-07-01,14:29,2019-07-02,10:01,,SR,74,10,330.48,CGN/SF,,,0,0,,0,
2019-07-01,14:29,2019-07-02,10:01,,SR,93,11,296.82,CGN/SF,,,0,0,,0,
2019-07-01,14:29,2019-07-02,10:01,,SR,80,12,330.44,CGN/SF,,,0,0,,0,
2019-07-01,14:29,2019-07-02,10:01,,SR,85,13,312.35,CGN/SF,,,0,0,,0,
2019-07-01,14:29,2019-07-02,10:01,,SR,87,14,301.51,CGN/SF,,,0,0,,0,
2019-07-01,14:29,2019-07-02,10:01,,SR,78,15,356.12,CGN/SF,,,0,0,,0,
2019-07-01,14:29,2019-07-02,10:01,,SR,,16,,CGN/SF,,,0,0,,0,
2019-07-02,10:02,2019-07-02,11:11,,SR,14,1,262.25,AS/CGN,,,,,,,
2019-07-02,10:02,2019-07-02,11:11,,SR,10,2,286.02,AS/CGN,,,,,,,
2019-07-02,10:02,2019-07-02,11:11,,SR,6,3,286.63,AS/CGN,,,,,,,
2019-07-02,10:02,2019-07-02,11:11,,SR,9,4,264.03,AS/CGN,,,,,,,
2019-07-02,10:02,2019-07-02,11:11,,SR,4,5,290.49,AS/CGN,,,,,,,
2019-07-02,10:02,2019-07-02,11:11,,SR,2,6,287.61,AS/CGN,,,,,,,
2019-07-02,10:02,2019-07-02,11:11,,SR,12,7,268.8,AS/CGN,,,,,,,
2019-07-02,10:02,2019-07-02,11:11,,SR,7,8,264.11,AS/CGN,,,,,,,
2019-07-02,10:02,2019-07-02,11:11,,SR,5,9,285.03,AS/CGN,,,,,,,
2019-07-02,10:02,2019-07-02,11:11,,SR,72,10,344.74,AS/CGN,,,,,,,
2019-07-02,10:02,2019-07-02,11:11,,SR,15,11,295.52,AS/CGN,,,,,,,
2019-07-02,10:02,2019-07-02,11:11,,SR,3,12,284.89,AS/CGN,,,,,,,
2019-07-02,10:02,2019-07-02,11:11,,SR,66,13,375.52,AS/CGN,,,,,,,
2019-07-02,10:02,2019-07-02,11:11,,SR,67,14,351.81,AS/CGN,,,,,,,
2019-07-02,10:02,2019-07-02,11:11,,SR,76,15,300.21,AS/CGN,,,,,,,
2019-07-02,10:02,2019-07-02,11:11,,SR,,16,,AS/CGN,,,,,,,
2019-07-02,11:12,2019-07-02,12:05,,SR,25,1,299.9,CGN,,,,,,,
2019-07-02,11:12,2019-07-02,12:05,,SR,1,2,280.53,CGN,,,,,,,
2019-07-02,11:12,2019-07-02,12:05,,SR,16,3,299.91,CGN,,,,,,,
2019-07-02,11:12,2019-07-02,12:05,,SR,22,4,323.48,CGN,,,,,,,
2019-07-02,11:12,2019-07-02,12:05,,SR,30,5,286.94,CGN,,,,,,,
2019-07-02,11:12,2019-07-02,12:05,,SR,29,6,278.7,CGN,,,,,,,
2019-07-02,11:12,2019-07-02,12:05,,SR,8,7,270.09,CGN,,,,,,,
2019-07-02,11:12,2019-07-02,12:05,,SR,24,8,300.88,CGN,,,,,,,
2019-07-02,11:12,2019-07-02,12:05,,SR,23,9,296.87,CGN,,,,,,,
2019-07-02,11:12,2019-07-02,12:05,,SR,20,10,297.57,CGN,,,,,,,
2019-07-02,11:12,2019-07-02,12:05,,SR,11,11,324.47,CGN,,,,,,,
2019-07-02,11:12,2019-07-02,12:05,,SR,17,12,311.21,CGN,,,,,,,
2019-07-02,11:12,2019-07-02,12:05,,SR,19,13,287.82,CGN,,,,,,,
2019-07-02,11:12,2019-07-02,12:05,,SR,13,14,282.03,CGN,,,,,,,
2019-07-02,11:12,2019-07-02,12:05,,SR,18,15,289.76,CGN,,,,,,,
2019-07-02,11:12,2019-07-02,12:05,,SR,,16,,CGN,,,,,,,
2019-07-02,12:06,2019-07-02,13:00,,SR,21,1,293.15,CGN,,,,,,,
2019-07-02,12:06,2019-07-02,13:00,,SR,26,2,327.43,CGN,,,,,,,
2019-07-02,12:06,2019-07-02,13:00,,SR,27,3,305.75,CGN,,,,,,,
2019-07-02,12:06,2019-07-02,13:00,,SR,28,4,295.64,CGN,,,,,,,
2019-07-02,12:06,2019-07-02,13:00,,SR,,,,CGN,,,,,,,
2019-07-03,8:25,2019-07-03,10:02,,SR,54,1,316.38,CGN,CO2 level ignited at 505ppm,,,,,,
2019-07-03,8:25,2019-07-03,10:02,,SR,39,2,310.26,CGN,,,,,,,
2019-07-03,8:25,2019-07-03,10:02,,SR,73,3,346.57,CGN,,,,,,,
2019-07-03,8:25,2019-07-03,10:02,,SR,48,4,283.83,CGN,,,,,,,
2019-07-03,8:25,2019-07-03,10:02,,SR,37,5,324.98,CGN,,,,,,,
2019-07-03,8:25,2019-07-03,10:02,,SR,9,6,258.24,CGN,,,,,,,
2019-07-03,8:25,2019-07-03,10:02,,SR,10,7,279.91,CGN,,,,,,,
2019-07-03,8:25,2019-07-03,10:02,,SR,14,8,255.81,CGN,,,,,,,
2019-07-03,8:25,2019-07-03,10:02,,SR,4,9,284.31,CGN,,,,,,,
2019-07-03,8:25,2019-07-03,10:02,,SR,87,10,295.66,CGN,,,,,,,
2019-07-03,8:25,2019-07-03,10:02,,SR,3,11,277.29,CGN,,,,,,,
2019-07-03,8:25,2019-07-03,10:02,,SR,72,12,338.37,CGN,,,,,,,
2019-07-03,8:25,2019-07-03,10:02,,SR,2,13,280.92,CGN,,,,,,,
2019-07-03,8:25,2019-07-03,10:02,,SR,5,14,278.34,CGN,,,,,,,
2019-07-03,8:25,2019-07-03,10:02,,SR,15,15,287.44,CGN,,,,,,,
2019-07-03,8:25,2019-07-03,10:02,,SR,,16,,CGN,,,,,,,
2019-07-03,10:03,2019-07-03,11:16,,SR,6,1,278.24,CGN,CO2 level ignited at 541ppm,,,,,,
2019-07-03,10:03,2019-07-03,11:16,,SR,49,2,268.13,CGN,,,,,,,
2019-07-03,10:03,2019-07-03,11:16,,SR,80,3,324.45,CGN,,,,,,,
2019-07-03,10:03,2019-07-03,11:16,,SR,55,4,299.87,CGN,,,,,,,
2019-07-03,10:03,2019-07-03,11:16,,SR,66,5,368.23,CGN,,,,,,,
2019-07-03,10:03,2019-07-03,11:16,,SR,33,6,274.88,CGN,,,,,,,
2019-07-03,10:03,2019-07-03,11:16,,SR,28,7,288.65,CGN,,,,,,,
2019-07-03,10:03,2019-07-03,11:16,,SR,67,8,344.93,CGN,,,,,,,
2019-07-03,10:03,2019-07-03,11:16,,SR,61,9,323.7,CGN,,,,,,,
2019-07-03,10:03,2019-07-03,11:16,,SR,86,10,293.23,CGN,,,,,,,
2019-07-03,10:03,2019-07-03,11:16,,SR,76,11,294.84,CGN,,,,,,,
2019-07-03,10:03,2019-07-03,11:16,,SR,27,12,299.29,CGN,,,,,,,
2019-07-03,10:03,2019-07-03,11:16,,SR,70,13,233.78,CGN,,,,,,,
2019-07-03,10:03,2019-07-03,11:16,,SR,40,14,304.75,CGN,,,,,,,
2019-07-03,10:03,2019-07-03,11:16,,SR,60,15,327.25,CGN,,,,,,,
2019-07-03,10:03,2019-07-03,11:16,,SR,,16,,CGN,,,,,,,
2019-07-03,11:17,2019-07-03,12:18,,SR,34,1,306.86,CGN,CO2 level ignited at 519ppm,,,,,,
2019-07-03,11:17,2019-07-03,12:18,,SR,59,2,317.4,CGN,,,,,,,
2019-07-03,11:17,2019-07-03,12:18,,SR,68,3,289.26,CGN,,,,,,,
2019-07-03,11:17,2019-07-03,12:18,,SR,75,4,321.52,CGN,,,,,,,
2019-07-03,11:17,2019-07-03,12:18,,SR,83,5,255.82,CGN,,,,,,,
2019-07-03,11:17,2019-07-03,12:18,,SR,52,6,302.53,CGN,,,,,,,
2019-07-03,11:17,2019-07-03,12:18,,SR,42,7,302.99,CGN,,,,,,,
2019-07-03,11:17,2019-07-03,12:18,,SR,38,8,307.64,CGN,,,,,,,
2019-07-03,11:17,2019-07-03,12:18,,SR,74,9,324.1,CGN,,,,,,,
2019-07-03,11:17,2019-07-03,12:18,,SR,35,10,309.96,CGN,,,,,,,
2019-07-03,11:17,2019-07-03,12:18,,SR,82,11,294.74,CGN,,,,,,,
2019-07-03,11:17,2019-07-03,12:18,,SR,26,12,310.69,CGN,,,,,,,
2019-07-03,11:17,2019-07-03,12:18,,SR,36,13,302.48,CGN,,,,,,,
2019-07-03,11:17,2019-07-03,12:18,,SR,78,14,347.51,CGN,,,,,,,
2019-07-03,11:17,2019-07-03,12:18,,SR,31,15,298.05,CGN,,,,,,,
2019-07-03,11:17,2019-07-03,12:18,,SR,,16,,CGN,,,,,,,
2019-07-03,12:19,2019-07-03,13:24,,SR,64,1,241.91,CGN,CO2 level ignited at 544ppm,,,,,,
2019-07-03,12:19,2019-07-03,13:24,,SR,44,2,260.42,CGN,,,,,,,
2019-07-03,12:19,2019-07-03,13:24,,SR,8,3,264.6,CGN,,,,,,,
2019-07-03,12:19,2019-07-03,13:24,,SR,20,4,290.74,CGN,,,,,,,
2019-07-03,12:19,2019-07-03,13:24,,SR,16,5,294.03,CGN,,,,,,,
2019-07-03,12:19,2019-07-03,13:24,,SR,56,6,302.71,CGN,,,,,,,
2019-07-03,12:19,2019-07-03,13:24,,SR,18,7,283.83,CGN,,,,,,,
2019-07-03,12:19,2019-07-03,13:24,,SR,57,8,252.65,CGN,,,,,,,
2019-07-03,12:19,2019-07-03,13:24,,SR,53,9,270.62,CGN,,,,,,,
2019-07-03,12:19,2019-07-03,13:24,,SR,63,10,296.93,CGN,,,,,,,
2019-07-03,12:19,2019-07-03,13:24,,SR,65,11,336.33,CGN,,,,,,,
2019-07-03,12:19,2019-07-03,13:24,,SR,51,12,262.16,CGN,,,,,,,
2019-07-03,12:19,2019-07-03,13:24,,SR,17,13,305.56,CGN,,,,,,,
2019-07-03,12:19,2019-07-03,13:24,,SR,11,14,317.47,CGN,,,,,,,
2019-07-03,12:19,2019-07-03,13:24,,SR,46,15,266.39,CGN,,,,,,,
2019-07-03,12:19,2019-07-03,13:24,,SR,,16,,CGN,,,,,,,
2019-07-03,13:25,2019-07-03,9:19,,SR,1,1,273.95,CGN,CO2 level ignited at 516ppm,,0,,0,0,
2019-07-03,13:25,2019-07-03,9:19,,SR,62,2,333.87,CGN,Stopped at step #6,,0,,0,0,
2019-07-03,13:25,2019-07-03,9:19,,SR,29,3,269.74,CGN,,,0,,0,0,
2019-07-03,13:25,2019-07-03,9:19,,SR,13,4,273.31,CGN,"Didn't register, will transfer to round 3",,0,,0,0,
2019-07-03,13:25,2019-07-03,9:19,,SR,,,,CGN,,,0,,0,0,
2019-07-05,8:31,2019-07-05,9:19,,SR,72,1,330.09,CGN,CO2 level: 499ppm,,,,,,
2019-07-05,8:31,2019-07-05,9:19,,SR,3,2,260.44,CGN,,,,,,,
2019-07-05,8:31,2019-07-05,9:19,,SR,14,3,243.03,CGN,,,,,,,
2019-07-05,8:31,2019-07-05,9:19,,SR,48,4,269.76,CGN,,,,,,,
2019-07-05,8:31,2019-07-05,9:19,,SR,73,5,339.5,CGN,,,,,,,
2019-07-05,8:31,2019-07-05,9:19,,SR,4,6,274.27,CGN,,,,,,,
2019-07-05,8:31,2019-07-05,9:19,,SR,2,7,268.77,CGN,,,,,,,
2019-07-05,8:31,2019-07-05,9:19,,SR,15,8,271.52,CGN,,,,,,,
2019-07-05,8:31,2019-07-05,9:19,,SR,5,9,263.79,CGN,,,,,,,
2019-07-05,8:31,2019-07-05,9:19,,SR,87,10,289.33,CGN,,,,,,,
2019-07-05,8:31,2019-07-05,9:19,,SR,9,11,248.47,CGN,,,,,,,
2019-07-05,8:31,2019-07-05,9:19,,SR,10,12,269.06,CGN,,,,,,,
2019-07-05,8:31,2019-07-05,9:19,,SR,54,13,306.6,CGN,,,,,,,
2019-07-05,8:31,2019-07-05,9:19,,SR,39,14,298.99,CGN,,,,,,,
2019-07-05,8:31,2019-07-05,9:19,,SR,37,15,311.51,CGN,,,,,,,
2019-07-05,8:31,2019-07-05,9:19,,SR,,16,,CGN,,,,,,,
2019-07-05,9:21,2019-07-05,12:35,,SR,35,1,289.67,CGN,CO2 level: 514ppm,,,,,,
2019-07-05,9:21,2019-07-05,12:35,,SR,83,2,248.16,CGN,Stopped at step#7 (10:26AM),,,,,,
2019-07-05,9:21,2019-07-05,12:35,,SR,26,3,292.81,CGN,,,,,,,
2019-07-05,9:21,2019-07-05,12:35,,SR,75,4,314.36,CGN,,,,,,,
2019-07-05,9:21,2019-07-05,12:35,,SR,59,5,308.79,CGN,,,,,,,
2019-07-05,9:21,2019-07-05,12:35,,SR,68,6,284.74,CGN,,,,,,,
2019-07-05,9:21,2019-07-05,12:35,,SR,74,7,315.23,CGN,,,,,,,
2019-07-05,9:21,2019-07-05,12:35,,SR,36,8,292.19,CGN,,,,,,,
2019-07-05,9:21,2019-07-05,12:35,,SR,52,9,293.99,CGN,,,,,,,
2019-07-05,9:21,2019-07-05,12:35,,SR,78,10,342.56,CGN,,,,,,,
2019-07-05,9:21,2019-07-05,12:35,,SR,31,11,280.75,CGN,,,,,,,
2019-07-05,9:21,2019-07-05,12:35,,SR,42,12,290.74,CGN,,,,,,,
2019-07-05,9:21,2019-07-05,12:35,,SR,38,13,292.64,CGN,,,,,,,
2019-07-05,9:21,2019-07-05,12:35,,SR,34,14,291.43,CGN,,,,,,,
2019-07-05,9:21,2019-07-05,12:35,,SR,82,15,287.03,CGN,,,,,,,
2019-07-05,9:21,2019-07-05,12:35,,SR,,16,,CGN,,,,,,,
2019-07-05,12:37,2019-07-05,14:35,,SR,80,1,317.89,CGN,CO2 level: 484ppm,,,,,,
2019-07-05,12:37,2019-07-05,14:35,,SR,66,2,356.38,CGN,,,,,,,
2019-07-05,12:37,2019-07-05,14:35,,SR,55,3,290.22,CGN,,,,,,,
2019-07-05,12:37,2019-07-05,14:35,,SR,86,4,281.89,CGN,,,,,,,
2019-07-05,12:37,2019-07-05,14:35,,SR,61,5,315.47,CGN,,,,,,,
2019-07-05,12:37,2019-07-05,14:35,,SR,60,6,319.01,CGN,,,,,,,
2019-07-05,12:37,2019-07-05,14:35,,SR,40,7,291.7,CGN,,,,,,,
2019-07-05,12:37,2019-07-05,14:35,,SR,49,8,257.54,CGN,,,,,,,
2019-07-05,12:37,2019-07-05,14:35,,SR,28,9,275.83,CGN,,,,,,,
2019-07-05,12:37,2019-07-05,14:35,,SR,76,10,285.16,CGN,,,,,,,
2019-07-05,12:37,2019-07-05,14:35,,SR,27,11,288.01,CGN,,,,,,,
2019-07-05,12:37,2019-07-05,14:35,,SR,67,12,336.68,CGN,,,,,,,
2019-07-05,12:37,2019-07-05,14:35,,SR,70,13,228.55,CGN,,,,,,,
2019-07-05,12:37,2019-07-05,14:35,,SR,33,14,263.32,CGN,,,,,,,
2019-07-05,12:37,2019-07-05,14:35,,SR,6,15,263.38,CGN,,,,,,,
2019-07-05,12:37,2019-07-05,14:35,,SR,,16,,CGN,,,,,,,
2019-07-05,14:38,2019-07-05,15:29,,SR,1,1,261.45,CGN,CO2 level: 507ppm,,,,,,
2019-07-05,14:38,2019-07-05,15:29,,SR,51,2,256.22,CGN,,,,,,,
2019-07-05,14:38,2019-07-05,15:29,,SR,46,3,250.79,CGN,,,,,,,
2019-07-05,14:38,2019-07-05,15:29,,SR,29,4,256.95,CGN,,,,,,,
2019-07-05,14:38,2019-07-05,15:29,,SR,65,5,328.25,CGN,,,,,,,
2019-07-05,14:38,2019-07-05,15:29,,SR,17,6,291.46,CGN,,,,,,,
2019-07-05,14:38,2019-07-05,15:29,,SR,63,7,287.91,CGN,,,,,,,
2019-07-05,14:38,2019-07-05,15:29,,SR,62,8,323.66,CGN,,,,,,,
2019-07-05,14:38,2019-07-05,15:29,,SR,53,10,264,CGN,,,,,,,
2019-07-05,14:38,2019-07-05,15:29,,SR,44,11,249.41,CGN,,,,,,,
2019-07-05,14:38,2019-07-05,15:29,,SR,56,12,295.83,CGN,,,,,,,
2019-07-05,14:38,2019-07-05,15:29,,SR,64,13,235.85,CGN,,,,,,,
2019-07-05,14:38,2019-07-05,15:29,,SR,18,14,273.31,CGN,,,,,,,
2019-07-05,14:38,2019-07-05,15:29,,SR,16,15,283.44,CGN,,,,,,,
2019-07-05,14:38,2019-07-05,15:29,,SR,,16,,CGN,,,,,,,
2019-07-05,15:31,2019-07-05,16:10,,SR,20,1,279.44,CGN,CO2 level: 465ppm,,,,,,
2019-07-05,15:31,2019-07-05,16:10,,SR,11,2,304.97,CGN,,,,,,,
2019-07-05,15:31,2019-07-05,16:10,,SR,57,3,245.11,CGN,,,,,,,
2019-07-05,15:31,2019-07-05,16:10,,SR,8,4,253.37,CGN,,,,,,,
2019-07-05,15:31,2019-07-05,16:10,,SR,13,5&6,257.95,CGN,This core ran twice on this round because it was not registered at round 2. Twice using valve #5 and #6.,,,,,,
2019-07-08,9:36,2019-07-08,10:27,,SR,11,1,288.26,CGN,CO2 level: 526ppm,,,,,,
2019-07-08,9:36,2019-07-08,10:27,,SR,20,2,264.91,CGN,,,,,,,
2019-07-08,9:36,2019-07-08,10:27,,SR,13,3,245.26,CGN,,,,,,,
2019-07-08,9:36,2019-07-08,10:27,,SR,51,4,250.54,CGN,,,,,,,
2019-07-08,9:36,2019-07-08,10:27,,SR,57,5,239.28,CGN,,,,,,,
2019-07-08,9:36,2019-07-08,10:27,,SR,18,6,258.03,CGN,,,,,,,
2019-07-08,9:36,2019-07-08,10:27,,SR,8,7,244.16,CGN,,,,,,,
2019-07-08,9:36,2019-07-08,10:27,,SR,64,8,230.46,CGN,,,,,,,
2019-07-08,9:36,2019-07-08,10:27,,SR,,9,,CGN,,,,,,,
2019-07-08,9:36,2019-07-08,10:27,,SR,17,10,276.98,CGN,,,,,,,
2019-07-08,9:36,2019-07-08,10:27,,SR,46,11,235.84,CGN,,,,,,,
2019-07-08,9:36,2019-07-08,10:27,,SR,44,12,238.73,CGN,,,,,,,
2019-07-08,9:36,2019-07-08,10:27,,SR,63,13,278.9,CGN,,,,,,,
2019-07-08,9:36,2019-07-08,10:27,,SR,16,14,270.08,CGN,,,,,,,
2019-07-08,9:36,2019-07-08,10:27,,SR,62,15,317.04,CGN,,,,,,,
2019-07-08,9:36,2019-07-08,10:27,,SR,,16,,CGN,,,,,,,
2019-07-08,10:29,2019-07-08,11:33,,SR,1,1,239.49,CGN,CO2 level: 530ppm,,,,,,
2019-07-08,10:29,2019-07-08,11:33,,SR,29,2,242.67,CGN,,,,,,,
2019-07-08,10:29,2019-07-08,11:33,,SR,35,3,258.53,CGN,,,,,,,
2019-07-08,10:29,2019-07-08,11:33,,SR,65,4,321.12,CGN,,,,,,,
2019-07-08,10:29,2019-07-08,11:33,,SR,59,5,299.85,CGN,,,,,,,
2019-07-08,10:29,2019-07-08,11:33,,SR,83,6,235.79,CGN,Core was spilled a bit (4-5 grams loss),,,,,,
2019-07-08,10:29,2019-07-08,11:33,,SR,42,7,272.21,CGN,,,,,,,
2019-07-08,10:29,2019-07-08,11:33,,SR,53,8,257.18,CGN,,,,,,,
2019-07-08,10:29,2019-07-08,11:33,,SR,82,9,274.73,CGN/SF,Tube was fixed,,,,,,
2019-07-08,10:29,2019-07-08,11:33,,SR,31,10,260.52,CGN,,,,,,,
2019-07-08,10:29,2019-07-08,11:33,,SR,56,11,289.16,CGN,,,,,,,
2019-07-08,10:29,2019-07-08,11:33,,SR,74,12,301.45,CGN,,,,,,,
2019-07-08,10:29,2019-07-08,11:33,,SR,34,13,272.36,CGN,,,,,,,
2019-07-08,10:29,2019-07-08,11:33,,SR,78,14,335.88,CGN,,,,,,,
2019-07-08,10:29,2019-07-08,11:33,,SR,26,15,272.61,CGN,,,,,,,
2019-07-08,10:29,2019-07-08,11:33,,SR,,16,,CGN,,,,,,,
2019-07-08,11:36,2019-07-08,12:31,,SR,3,1,239.4,CGN,CO2 level: 529ppm,,,,,,
2019-07-08,11:36,2019-07-08,12:31,,SR,14,2,229.58,CGN,,,,,,,
2019-07-08,11:36,2019-07-08,12:31,,SR,4,3,260.02,CGN,,,,,,,
2019-07-08,11:36,2019-07-08,12:31,,SR,39,4,281.22,CGN,,,,,,,
2019-07-08,11:36,2019-07-08,12:31,,SR,9,5,237.49,CGN,,,,,,,
2019-07-08,11:36,2019-07-08,12:31,,SR,54,6,297.84,CGN,,,,,,,
2019-07-08,11:36,2019-07-08,12:31,,SR,72,7,321.16,CGN,,,,,,,
2019-07-08,11:36,2019-07-08,12:31,,SR,2,8,253.47,CGN,,,,,,,
2019-07-08,11:36,2019-07-08,12:31,,SR,48,9,251.51,CGN,,,,,,,
2019-07-08,11:36,2019-07-08,12:31,,SR,87,10,283.1,CGN,,,,,,,
2019-07-08,11:36,2019-07-08,12:31,,SR,15,11,250.38,CGN,,,,,,,
2019-07-08,11:36,2019-07-08,12:31,,SR,5,12,246.73,CGN,,,,,,,
2019-07-08,11:36,2019-07-08,12:31,,SR,37,13,289.67,CGN,,,,,,,
2019-07-08,11:36,2019-07-08,12:31,,SR,73,14,331.25,CGN,,,,,,,
2019-07-08,11:36,2019-07-08,12:31,,SR,10,15,253.79,CGN,,,,,,,
2019-07-08,11:36,2019-07-08,12:31,,SR,,16,,CGN,,,,,,,
2019-07-08,12:34,2019-07-08,13:55,,SR,49,1,240.85,CGN,CO2 level: 517ppm,,,,,,
2019-07-08,12:34,2019-07-08,13:55,,SR,86,2,272.34,CGN,"Rerun the whole thing twice accidentially, blame it on lunch break",,,,,,
2019-07-08,12:34,2019-07-08,13:55,,SR,27,3,272.98,CGN,,,,,,,
2019-07-08,12:34,2019-07-08,13:55,,SR,60,4,313.76,CGN,,,,,,,
2019-07-08,12:34,2019-07-08,13:55,,SR,61,5,300.28,CGN,,,,,,,
2019-07-08,12:34,2019-07-08,13:55,,SR,76,6,276.7,CGN,,,,,,,
2019-07-08,12:34,2019-07-08,13:55,,SR,67,7,329.87,CGN,,,,,,,
2019-07-08,12:34,2019-07-08,13:55,,SR,38,8,271.07,CGN,,,,,,,
2019-07-08,12:34,2019-07-08,13:55,,SR,36,9,276.4,CGN,,,,,,,
2019-07-08,12:34,2019-07-08,13:55,,SR,52,10,286.78,CGN,,,,,,,
2019-07-08,12:34,2019-07-08,13:55,,SR,70,11,219.92,CGN,,,,,,,
2019-07-08,12:34,2019-07-08,13:55,,SR,75,12,304.74,CGN,,,,,,,
2019-07-08,12:34,2019-07-08,13:55,,SR,55,13,281.46,CGN,,,,,,,
2019-07-08,12:34,2019-07-08,13:55,,SR,6,14,250.41,CGN,,,,,,,
2019-07-08,12:34,2019-07-08,13:55,,SR,28,15,260.37,CGN,,,,,,,
2019-07-08,12:34,2019-07-08,13:55,,SR,,16,,CGN,,,,,,,
2019-07-08,13:57,2019-07-08,14:44,,SR,33,1,245.43,CGN,CO2 level: 526ppm,,,,,,
2019-07-08,13:57,2019-07-08,14:44,,SR,66,2,343.76,CGN,Stopped at step #22,,,,,,
2019-07-08,13:57,2019-07-08,14:44,,SR,40,3,268.85,CGN,,,,,,,
2019-07-08,13:57,2019-07-08,14:44,,SR,80,4,311.25,CGN,,,,,,,
2019-07-08,13:57,2019-07-08,14:44,,SR,68,5,271.61,CGN,,,,,,,
2019-07-10,7:43,2019-07-10,8:45,,SR,75,1,301.26,CGN,CO2 level: 512ppm,,,,,,
2019-07-10,7:43,2019-07-10,8:45,,SR,86,2,266.57,CGN,,,,,,,
2019-07-10,7:43,2019-07-10,8:45,,SR,49,3,229.19,CGN,,,,,,,
2019-07-10,7:43,2019-07-10,8:45,,SR,60,4,310.77,CGN,,,,,,,
2019-07-10,7:43,2019-07-10,8:45,,SR,67,5,325.64,CGN,,,,,,,
2019-07-10,7:43,2019-07-10,8:45,,SR,38,6,258.69,CGN,,,,,,,
2019-07-10,7:43,2019-07-10,8:45,,SR,27,7,265.08,CGN,,,,,,,
2019-07-10,7:43,2019-07-10,8:45,,SR,36,8,267.46,CGN,,,,,,,
2019-07-10,7:43,2019-07-10,8:45,,SR,52,9,283.22,CGN,,,,,,,
2019-07-10,7:43,2019-07-10,8:45,,SR,76,10,274.21,CGN,,,,,,,
2019-07-10,7:43,2019-07-10,8:45,,SR,6,11,244.14,CGN,,,,,,,
2019-07-10,7:43,2019-07-10,8:45,,SR,70,12,217.04,CGN,,,,,,,
2019-07-10,7:43,2019-07-10,8:45,,SR,61,13,296.65,CGN,,,,,,,
2019-07-10,7:43,2019-07-10,8:45,,SR,28,14,253.47,CGN,,,,,,,
2019-07-10,7:43,2019-07-10,8:45,,SR,55,15,277.97,CGN,,,,,,,
2019-07-10,7:43,2019-07-10,8:45,,SR,,16,,CGN,,,,,,,
2019-07-10,8:47,2019-07-10,9:48,,SR,64,1,227.74,CGN,CO2 level: 509ppm,,,,,,
2019-07-10,8:47,2019-07-10,9:48,,SR,16,2,262.72,CGN,,,,,,,
2019-07-10,8:47,2019-07-10,9:48,,SR,66,3,338.78,CGN,,,,,,,
2019-07-10,8:47,2019-07-10,9:48,,SR,63,4,274.66,CGN,,,,,,,
2019-07-10,8:47,2019-07-10,9:48,,SR,62,5,314.04,CGN,,,,,,,
2019-07-10,8:47,2019-07-10,9:48,,SR,40,6,259.5,CGN,,,,,,,
2019-07-10,8:47,2019-07-10,9:48,,SR,17,7,269.67,CGN,,,,,,,
2019-07-10,8:47,2019-07-10,9:48,,SR,8,8,238.92,CGN,,,,,,,
2019-07-10,8:47,2019-07-10,9:48,,SR,44,9,232.93,CGN,,,,,,,
2019-07-10,8:47,2019-07-10,9:48,,SR,68,10,268.68,CGN,,,,,,,
2019-07-10,8:47,2019-07-10,9:48,,SR,46,11,227.83,CGN,,,,,,,
2019-07-10,8:47,2019-07-10,9:48,,SR,51,12,247.51,CGN,,,,,,,
2019-07-10,8:47,2019-07-10,9:48,,SR,80,13,308.26,CGN,,,,,,,
2019-07-10,8:47,2019-07-10,9:48,,SR,33,14,239.5,CGN,,,,,,,
2019-07-10,8:47,2019-07-10,9:48,,SR,18,15,251.86,CGN,,,,,,,
2019-07-10,8:47,2019-07-10,9:48,,SR,,16,,CGN,,,,,,,
2019-07-10,9:51,2019-07-10,11:17,,SR,57,1,236.48,CGN,CO2 level: 527ppm,,,,,,
2019-07-10,9:51,2019-07-10,11:17,,SR,20,2,257.43,CGN,,,,,,,
2019-07-10,9:51,2019-07-10,11:17,,SR,13,3,240.61,CGN,,,,,,,
2019-07-10,9:51,2019-07-10,11:17,,SR,11,4,279.93,CGN,,,,,,,
2019-07-10,9:51,2019-07-10,11:17,,SR,56,5,285.1,CGN,,,,,,,
2019-07-10,9:51,2019-07-10,11:17,,SR,78,6,331.09,CGN,,,,,,,
2019-07-10,9:51,2019-07-10,11:17,,SR,59,7,295.85,CGN,,,,,,,
2019-07-10,9:51,2019-07-10,11:17,,SR,42,8,259.08,CGN,,,,,,,
2019-07-10,9:51,2019-07-10,11:17,,SR,31,9,253.52,CGN,,,,,,,
2019-07-10,9:51,2019-07-10,11:17,,SR,82,10,268.88,CGN,,,,,,,
2019-07-10,9:51,2019-07-10,11:17,,SR,83,11,232.32,CGN,,,,,,,
2019-07-10,9:51,2019-07-10,11:17,,SR,1,12,226.72,CGN,,,,,,,
2019-07-10,9:51,2019-07-10,11:17,,SR,26,13,263,CGN,,,,,,,
2019-07-10,9:51,2019-07-10,11:17,,SR,29,14,231.69,CGN,,,,,,,
2019-07-10,9:51,2019-07-10,11:17,,SR,35,15,243.93,CGN,,,,,,,
2019-07-10,9:51,2019-07-10,11:17,,SR,,16,,CGN,,,,,,,
2019-07-10,11:19,2019-07-10,12:10,,SR,54,1,293.84,CGN,CO2 level: 498ppm,,,,,,
2019-07-10,11:19,2019-07-10,12:10,,SR,73,2,328.22,CGN,,,,,,,
2019-07-10,11:19,2019-07-10,12:10,,SR,87,3,278.87,CGN,,,,,,,
2019-07-10,11:19,2019-07-10,12:10,,SR,15,4,242.97,CGN,,,,,,,
2019-07-10,11:19,2019-07-10,12:10,,SR,37,5,279.6,CGN,,,,,,,
2019-07-10,11:19,2019-07-10,12:10,,SR,72,6,316.02,CGN,,,,,,,
2019-07-10,11:19,2019-07-10,12:10,,SR,10,7,245.68,CGN,,,,,,,
2019-07-10,11:19,2019-07-10,12:10,,SR,48,8,241.79,CGN,,,,,,,
2019-07-10,11:19,2019-07-10,12:10,,SR,5,9,237.47,CGN,,,,,,,
2019-07-10,11:19,2019-07-10,12:10,,SR,9,10,229.28,CGN,,,,,,,
2019-07-10,11:19,2019-07-10,12:10,,SR,39,11,254.78,CGN,,,,,,,
2019-07-10,11:19,2019-07-10,12:10,,SR,4,12,249.99,CGN,,,,,,,
2019-07-10,11:19,2019-07-10,12:10,,SR,14,13,220.13,CGN,,,,,,,
2019-07-10,11:19,2019-07-10,12:10,,SR,3,14,224.57,CGN,,,,,,,
2019-07-10,11:19,2019-07-10,12:10,,SR,2,15,242.33,CGN,,,,,,,
2019-07-10,11:19,2019-07-10,12:10,,SR,,16,,CGN,,,,,,,
2019-07-10,12:12,2019-07-10,12:59,,SR,34,1,266.88,CGN,CO2 level: 485ppm,,,,,,
2019-07-10,12:12,2019-07-10,12:59,,SR,65,2,317.56,CGN,,,,,,,
2019-07-10,12:12,2019-07-10,12:59,,SR,53,3,253.86,CGN,,,,,,,
2019-07-10,12:12,2019-07-10,12:59,,SR,74,4,295.32,CGN,,,,,,,
2019-07-12,10:35,2019-07-12,11:41,,SR,76,1,270.73,CGN,CO2 level: 554ppm,,,,,,
2019-07-12,10:35,2019-07-12,11:41,,SR,52,2,278.78,CGN,,,,,,,
2019-07-12,10:35,2019-07-12,11:41,,SR,75,3,297.82,CGN,,,,,,,
2019-07-12,10:35,2019-07-12,11:41,,SR,70,4,213.75,CGN,,,,,,,
2019-07-12,10:35,2019-07-12,11:41,,SR,61,5,292.44,CGN,,,,,,,
2019-07-12,10:35,2019-07-12,11:41,,SR,36,6,257.54,CGN,,,,,,,
2019-07-12,10:35,2019-07-12,11:41,,SR,49,7,219.69,CGN,,,,,,,
2019-07-12,10:35,2019-07-12,11:41,,SR,67,8,321.22,CGN,,,,,,,
2019-07-12,10:35,2019-07-12,11:41,,SR,28,9,245.99,CGN,,,,,,,
2019-07-12,10:35,2019-07-12,11:41,,SR,6,10,236.95,CGN,,,,,,,
2019-07-12,10:35,2019-07-12,11:41,,SR,86,11,262.33,CGN,,,,,,,
2019-07-12,10:35,2019-07-12,11:41,,SR,60,12,307.75,CGN,,,,,,,
2019-07-12,10:35,2019-07-12,11:41,,SR,27,13,258.94,CGN,,,,,,,
2019-07-12,10:35,2019-07-12,11:41,,SR,38,14,249.89,CGN,,,,,,,
2019-07-12,10:35,2019-07-12,11:41,,SR,55,15,274.58,CGN,,,,,,,
2019-07-12,10:35,2019-07-12,11:41,,SR,,16,,CGN,,,,,,,
2019-07-12,11:45,2019-07-12,12:40,,SR,14,1,213.62,CGN,CO2 level: 541ppm,,,,,,
2019-07-12,11:45,2019-07-12,12:40,,SR,37,2,268.67,CGN,,,,,,,
2019-07-12,11:45,2019-07-12,12:40,,SR,2,3,232.89,CGN,,,,,,,
2019-07-12,11:45,2019-07-12,12:40,,SR,4,4,243.07,CGN,,,,,,,
2019-07-12,11:45,2019-07-12,12:40,,SR,39,5,255.69,CGN,,,,,,,
2019-07-12,11:45,2019-07-12,12:40,,SR,10,6,239.46,CGN,,,,,,,
2019-07-12,11:45,2019-07-12,12:40,,SR,3,7,218.37,CGN,,,,,,,
2019-07-12,11:45,2019-07-12,12:40,,SR,9,8,221.81,CGN,,,,,,,
2019-07-12,11:45,2019-07-12,12:40,,SR,48,9,236.65,CGN,,,,,,,
2019-07-12,11:45,2019-07-12,12:40,,SR,87,10,276.35,CGN,,,,,,,
2019-07-12,11:45,2019-07-12,12:40,,SR,15,11,238.12,CGN,,,,,,,
2019-07-12,11:45,2019-07-12,12:40,,SR,73,12,325.14,CGN,,,,,,,
2019-07-12,11:45,2019-07-12,12:40,,SR,74,13,291.93,CGN,,,,,,,
2019-07-12,11:45,2019-07-12,12:40,,SR,54,14,290.77,CGN,,,,,,,
2019-07-12,11:45,2019-07-12,12:40,,SR,5,15,233.67,CGN,,,,,,,
2019-07-12,11:45,2019-07-12,12:40,,SR,,16,,CGN,,,,,,,
2019-07-12,12:43,2019-07-12,13:30,,SR,72,1,312.67,CGN,CO2 level: 557ppm,,1,,1,0,
2019-07-12,12:43,2019-07-12,13:30,,SR,34,2,262.39,CGN,,,1,,1,0,
2019-07-12,12:43,2019-07-12,13:30,,SR,53,3,250.8,CGN,,,1,,1,0,
2019-07-12,12:43,2019-07-12,13:30,,SR,65,4,314.43,CGN,,,1,,1,0,
2019-07-12,12:43,2019-07-12,13:30,,SR,33,5,228.44,CGN,,,1,,1,0,
2019-07-12,12:43,2019-07-12,13:30,,SR,8,6,231.91,CGN,,,1,,1,0,
2019-07-12,12:43,2019-07-12,13:30,,SR,80,7,304.41,CGN,,,1,,1,0,
2019-07-12,12:43,2019-07-12,13:30,,SR,51,8,243.78,CGN,,,1,,1,0,
2019-07-12,12:43,2019-07-12,13:30,,SR,64,9,222.44,CGN,,,1,,1,0,
2019-07-12,12:43,2019-07-12,13:30,,SR,40,10,249.88,CGN,,,1,,1,0,
2019-07-12,12:43,2019-07-12,13:30,,SR,83,11,227.73,CGN,,,1,,1,0,
2019-07-12,12:43,2019-07-12,13:30,,SR,16,12,254.85,CGN,,,1,,1,0,
2019-07-12,12:43,2019-07-12,13:30,,SR,20,13,247.54,CGN,,,1,,1,0,
2019-07-12,12:43,2019-07-12,13:30,,SR,46,14,218.03,CGN,,,1,,1,0,
2019-07-12,12:43,2019-07-12,13:30,,SR,26,15,251.77,CGN,,,1,,1,0,
2019-07-12,12:43,2019-07-12,13:30,,SR,,16,,CGN,,,1,,1,0,
2019-07-12,13:33,2019-07-12,14:23,,SR,42,1,246.19,CGN,CO2 level: 571ppm,,,,,,y
2019-07-12,13:33,2019-07-12,14:23,,SR,82,2,262.32,CGN,,,,,,,y
2019-07-12,13:33,2019-07-12,14:23,,SR,31,3,244.76,CGN,,,,,,,y
2019-07-12,13:33,2019-07-12,14:23,,SR,29,4,220.26,CGN,,,,,,,y
2019-07-12,13:33,2019-07-12,14:23,,SR,17,5,260.32,CGN,,,,,,,y
2019-07-12,13:33,2019-07-12,14:23,,SR,66,6,333.8,CGN,,,,,,,y
2019-07-12,13:33,2019-07-12,14:23,,SR,35,7,235.19,CGN,,,,,,,y
2019-07-12,13:33,2019-07-12,14:23,,SR,56,8,280.14,CGN,,,,,,,y
2019-07-12,13:33,2019-07-12,14:23,,SR,78,9,328.23,CGN,,,,,,,y
2019-07-12,13:33,2019-07-12,14:23,,SR,63,10,271.21,CGN,,,,,,,y
2019-07-12,13:33,2019-07-12,14:23,,SR,1,11,214.87,CGN,,,,,,,y
2019-07-12,13:33,2019-07-12,14:23,,SR,57,12,231.19,CGN,,,,,,,y
2019-07-12,13:33,2019-07-12,14:23,,SR,13,13,230.62,CGN,,,,,,,y
2019-07-12,13:33,2019-07-12,14:23,,SR,59,14,292.99,CGN,,,,,,,y
2019-07-12,13:33,2019-07-12,14:23,,SR,11,15,265.75,CGN,,,,,,,y
2019-07-12,13:33,2019-07-12,14:23,,SR,,16,,CGN,,,,,,,y
2019-07-12,14:26,2019-07-12,15:10,,SR,68,1,261.59,CGN,CO2 level: 541ppm,,,,,,
2019-07-12,14:26,2019-07-12,15:10,,SR,44,2,227.04,CGN,,,,,,,
2019-07-12,14:26,2019-07-12,15:10,,SR,62,3,307.41,CGN,,,,,,,
2019-07-12,14:26,2019-07-12,15:10,,SR,18,4,241.27,CGN,,,,,,,
2019-07-15,9:31,2019-07-15,10:33,,SR,55,1,269.1,CGN,CO2 level: 515ppm,,,,,,
2019-07-15,9:31,2019-07-15,10:33,,SR,27,2,249.48,CGN,,,,,,,
2019-07-15,9:31,2019-07-15,10:33,,SR,6,3,227.65,CGN,,,,,,,
2019-07-15,9:31,2019-07-15,10:33,,SR,38,4,240.73,CGN,,,,,,,
2019-07-15,9:31,2019-07-15,10:33,,SR,86,5,257.8,CGN,,,,,,,
2019-07-15,9:31,2019-07-15,10:33,,SR,67,6,315.58,CGN,,,,,,,
2019-07-15,9:31,2019-07-15,10:33,,SR,60,7,303.48,CGN,,,,,,,
2019-07-15,9:31,2019-07-15,10:33,,SR,36,8,247.01,CGN,,,,,,,
2019-07-15,9:31,2019-07-15,10:33,,SR,28,9,232.36,CGN,,,,,,,
2019-07-15,9:31,2019-07-15,10:33,,SR,52,10,273.97,CGN,,,,,,,
2019-07-15,9:31,2019-07-15,10:33,,SR,61,11,285.81,CGN,,,,,,,
2019-07-15,9:31,2019-07-15,10:33,,SR,76,12,265.93,CGN,,,,,,,
2019-07-15,9:31,2019-07-15,10:33,,SR,49,13,209.06,CGN,,,,,,,
2019-07-15,9:31,2019-07-15,10:33,,SR,70,14,208.47,CGN,,,,,,,
2019-07-15,9:31,2019-07-15,10:33,,SR,75,15,292.68,CGN,,,,,,,
2019-07-15,9:31,2019-07-15,10:33,,SR,,16,,CGN,,,,,,,
2019-07-15,10:36,2019-07-15,12:15,,SR,80,1,292.93,CGN,CO2 level: 521ppm,,,,,,
2019-07-15,10:36,2019-07-15,12:15,,SR,53,2,246.77,CGN,,,,,,,
2019-07-15,10:36,2019-07-15,12:15,,SR,33,3,218.77,CGN,,,,,,,
2019-07-15,10:36,2019-07-15,12:15,,SR,34,4,254.45,CGN,,,,,,,
2019-07-15,10:36,2019-07-15,12:15,,SR,8,5,224.95,CGN,,,,,,,
2019-07-15,10:36,2019-07-15,12:15,,SR,87,6,272.39,CGN,,,,,,,
2019-07-15,10:36,2019-07-15,12:15,,SR,39,7,245.94,CGN,,,,,,,
2019-07-15,10:36,2019-07-15,12:15,,SR,37,8,257.42,CGN,,,,,,,
2019-07-15,10:36,2019-07-15,12:15,,SR,3,9,207.29,CGN,,,,,,,
2019-07-15,10:36,2019-07-15,12:15,,SR,48,10,227.7,CGN,,,,,,,
2019-07-15,10:36,2019-07-15,12:15,,SR,74,11,286.12,CGN,,,,,,,
2019-07-15,10:36,2019-07-15,12:15,,SR,10,12,229.1,CGN,,,,,,,
2019-07-15,10:36,2019-07-15,12:15,,SR,73,13,320.65,CGN,,,,,,,
2019-07-15,10:36,2019-07-15,12:15,,SR,2,14,218.16,CGN,,,,,,,
2019-07-15,10:36,2019-07-15,12:15,,SR,72,15,307.98,CGN,,,,,,,
2019-07-15,10:36,2019-07-15,12:15,,SR,,16,,CGN,,,,,,,
2019-07-15,12:17,2019-07-15,13:49,,SR,54,1,286.54,CGN,CO2 level: 477ppm,,,,,,
2019-07-15,12:17,2019-07-15,13:49,,SR,14,2,204.68,CGN,,,,,,,
2019-07-15,12:17,2019-07-15,13:49,,SR,9,3,209.09,CGN,,,,,,,
2019-07-15,12:17,2019-07-15,13:49,,SR,5,4,223.84,CGN,,,,,,,
2019-07-15,12:17,2019-07-15,13:49,,SR,4,5,230.46,CGN,,,,,,,
2019-07-15,12:17,2019-07-15,13:49,,SR,15,6,224.83,CGN,,,,,,,
2019-07-15,12:17,2019-07-15,13:49,,SR,18,7,224.67,CGN,,,,,,,
2019-07-15,12:17,2019-07-15,13:49,,SR,68,8,252.51,CGN,,,,,,,
2019-07-15,12:17,2019-07-15,13:49,,SR,78,9,324.12,CGN,,,,,,,
2019-07-15,12:17,2019-07-15,13:49,,SR,44,10,215.58,CGN,,,,,,,
2019-07-15,12:17,2019-07-15,13:49,,SR,29,11,206.92,CGN,,,,,,,
2019-07-15,12:17,2019-07-15,13:49,,SR,57,12,225.16,CGN,,,,,,,
2019-07-15,12:17,2019-07-15,13:49,,SR,13,13,221.26,CGN,,,,,,,
2019-07-15,12:17,2019-07-15,13:49,,SR,56,14,275.95,CGN,,,,,,,
2019-07-15,12:17,2019-07-15,13:49,,SR,11,15,252.13,CGN,,,,,,,
2019-07-15,12:17,2019-07-15,13:49,,SR,,16,,CGN,,,,,,,
2019-07-15,13:52,2019-07-15,14:51,,SR,66,1,327.85,CGN,CO2 level: 468ppm,,,,,,
2019-07-15,13:52,2019-07-15,14:51,,SR,59,2,288.28,CGN,,,,,,,
2019-07-15,13:52,2019-07-15,14:51,,SR,17,3,248.69,CGN,,,,,,,
2019-07-15,13:52,2019-07-15,14:51,,SR,63,4,265.71,CGN,,,,,,,
2019-07-15,13:52,2019-07-15,14:51,,SR,82,5,255.97,CGN,,,,,,,
2019-07-15,13:52,2019-07-15,14:51,,SR,31,6,230.01,CGN,,,,,,,
2019-07-15,13:52,2019-07-15,14:51,,SR,51,7,239.28,CGN,,,,,,,
2019-07-15,13:52,2019-07-15,14:51,,SR,62,8,298.03,CGN,,,,,,,
2019-07-15,13:52,2019-07-15,14:51,,SR,35,9,225.63,CGN,,,,,,,
2019-07-15,13:52,2019-07-15,14:51,,SR,1,10,197.27,CGN,,,,,,,
2019-07-15,13:52,2019-07-15,14:51,,SR,42,11,227.76,CGN,,,,,,,
2019-07-15,13:52,2019-07-15,14:51,,SR,46,12,207.02,CGN,,,,,,,
2019-07-15,13:52,2019-07-15,14:51,,SR,16,13,239.53,CGN,,,,,,,
2019-07-15,13:52,2019-07-15,14:51,,SR,20,14,232.4,CGN,,,,,,,
2019-07-15,13:52,2019-07-15,14:51,,SR,64,15,215.27,CGN,,,,,,,
2019-07-15,13:52,2019-07-15,14:51,,SR,,16,,CGN,,,,,,,
2019-07-15,14:55,2019-07-15,15:30,,SR,40,1,232.59,CGN,CO2 level: 468ppm,,,,,,
2019-07-15,14:55,2019-07-15,15:30,,SR,83,2,220.63,CGN,,,,,,,
2019-07-15,14:55,2019-07-15,15:30,,SR,26,3,231.07,CGN,,,,,,,
2019-07-15,14:55,2019-07-15,15:30,,SR,65,4,306.82,CGN,,,,,,,
2019-07-22,9:21,2019-07-22,10:25,,SR,61,1,274.21,CGN,CO2 level: 497ppm,,,,,,
2019-07-22,9:21,2019-07-22,10:25,,SR,67,2,299.13,CGN,,,,,,,
2019-07-22,9:21,2019-07-22,10:25,,SR,38,3,217.2,CGN,,,,,,,
2019-07-22,9:21,2019-07-22,10:25,,SR,55,4,258.73,CGN,,,,,,,
2019-07-22,9:21,2019-07-22,10:25,,SR,73,5,309.36,CGN,,,,,,,
2019-07-22,9:21,2019-07-22,10:25,,SR,70,6,198.84,CGN,,,,,,,
2019-07-22,9:21,2019-07-22,10:25,,SR,28,7,210.2,CGN,,,,,,,
2019-07-22,9:21,2019-07-22,10:25,,SR,34,8,230.42,CGN,,,,,,,
2019-07-22,9:21,2019-07-22,10:25,,SR,2,9,190.98,CGN,,,,,,,
2019-07-22,9:21,2019-07-22,10:25,,SR,74,10,275.77,CGN,,,,,,,
2019-07-22,9:21,2019-07-22,10:25,,SR,48,11,201.49,CGN,,,,,,,
2019-07-22,9:21,2019-07-22,10:25,,SR,53,12,225.67,CGN,,,,,,,
2019-07-22,9:21,2019-07-22,10:25,,SR,87,13,263.6,CGN,,,,,,,
2019-07-22,9:21,2019-07-22,10:25,,SR,59,14,267.7,CGN,,,,,,,
2019-07-22,9:21,2019-07-22,10:25,,SR,51,15,222.92,CGN,,,,,,,
2019-07-22,9:21,2019-07-22,10:25,,SR,,16,,CGN,,,,,,,
2019-07-22,10:27,2019-07-22,11:19,,SR,1,1,173.83,CGN,CO2 level: 533ppm,,,,,,
2019-07-22,10:27,2019-07-22,11:19,,SR,26,2,205.93,CGN,,,,,,,
2019-07-22,10:27,2019-07-22,11:19,,SR,83,3,210.2,CGN,,,,,,,
2019-07-22,10:27,2019-07-22,11:19,,SR,20,4,209.9,CGN,,,,,,,
2019-07-22,10:27,2019-07-22,11:19,,SR,63,5,254.02,CGN,,,,,,,
2019-07-22,10:27,2019-07-22,11:19,,SR,82,6,244.74,CGN,,,,,,,
2019-07-22,10:27,2019-07-22,11:19,,SR,65,7,296.5,CGN,,,,,,,
2019-07-22,10:27,2019-07-22,11:19,,SR,3,8,180.99,CGN,,,,,,,
2019-07-22,10:27,2019-07-22,11:19,,SR,31,9,211.55,CGN,,,,,,,
2019-07-22,10:27,2019-07-22,11:19,,SR,5,10,208.82,CGN,,,,,,,
2019-07-22,10:27,2019-07-22,11:19,,SR,4,11,217.65,CGN,,,,,,,
2019-07-22,10:27,2019-07-22,11:19,,SR,9,12,184.18,CGN,,,,,,,
2019-07-22,10:27,2019-07-22,11:19,,SR,29,13,190.37,CGN,,,,,,,
2019-07-22,10:27,2019-07-22,11:19,,SR,56,14,265.62,CGN,,,,,,,
2019-07-22,10:27,2019-07-22,11:19,,SR,13,15,189.92,CGN,,,,,,,
2019-07-22,10:27,2019-07-22,11:19,,SR,,16,,CGN,,,,,,,
2019-07-22,11:22,2019-07-22,12:21,,SR,54,1,276.47,CGN,CO2 level: 547ppm,,,,,,
2019-07-22,11:22,2019-07-22,12:21,,SR,68,2,235.4,CGN,,,,,,,
2019-07-22,11:22,2019-07-22,12:21,,SR,15,3,166.58,CGN,,,,,,,
2019-07-22,11:22,2019-07-22,12:21,,SR,66,4,308.46,CGN,,,,,,,
2019-07-22,11:22,2019-07-22,12:21,,SR,11,5,226.31,CGN,,,,,,,
2019-07-22,11:22,2019-07-22,12:21,,SR,62,6,282.55,CGN,,,,,,,
2019-07-22,11:22,2019-07-22,12:21,,SR,40,7,152.98,CGN,,,,,,,
2019-07-22,11:22,2019-07-22,12:21,,SR,64,8,191.12,CGN,,,,,,,
2019-07-22,11:22,2019-07-22,12:21,,SR,14,9,150.93,CGN,,,,,,,
2019-07-22,11:22,2019-07-22,12:21,,SR,44,10,174.64,CGN,,,,,,,
2019-07-22,11:22,2019-07-22,12:21,,SR,42,11,173.73,CGN,,,,,,,
2019-07-22,11:22,2019-07-22,12:21,,SR,78,12,305.33,CGN,,,,,,,
2019-07-22,11:22,2019-07-22,12:21,,SR,46,13,168.28,CGN,,,,,,,
2019-07-22,11:22,2019-07-22,12:21,,SR,80,14,263.76,CGN,,,,,,,
2019-07-22,11:22,2019-07-22,12:21,,SR,57,15,188.01,CGN,,,,,,,
2019-07-22,11:22,2019-07-22,12:21,,SR,,16,,CGN,,,,,,,
2019-07-22,12:24,2019-07-22,13:19,,SR,36,1,174.2,CGN,CO2 level: 516ppm,,,,,,
2019-07-22,12:24,2019-07-22,13:19,,SR,72,2,285.63,CGN,,,,,,,
2019-07-22,12:24,2019-07-22,13:19,,SR,8,3,152.7,CGN,,,,,,,
2019-07-22,12:24,2019-07-22,13:19,,SR,17,4,196.1,CGN,,,,,,,
2019-07-22,12:24,2019-07-22,13:19,,SR,37,5,179.59,CGN,,,,,,,
2019-07-22,12:24,2019-07-22,13:19,,SR,18,6,174.72,CGN,,,,,,,
2019-07-22,12:24,2019-07-22,13:19,,SR,16,7,173.07,CGN,,,,,,,
2019-07-22,12:24,2019-07-22,13:19,,SR,86,8,229.44,CGN,,,,,,,
2019-07-22,12:24,2019-07-22,13:19,,SR,60,9,278.64,CGN,,,,,,,
2019-07-22,12:24,2019-07-22,13:19,,SR,27,10,192.07,CGN,,,,,,,
2019-07-22,12:24,2019-07-22,13:19,,SR,6,11,172.15,CGN,,,,,,,
2019-07-22,12:24,2019-07-22,13:19,,SR,49,12,156.66,CGN,,,,,,,
2019-07-22,12:24,2019-07-22,13:19,,SR,76,13,242.89,CGN,,,,,,,
2019-07-22,12:24,2019-07-22,13:19,,SR,39,14,185.7,CGN,,,,,,,
2019-07-22,12:24,2019-07-22,13:19,,SR,75,15,270.18,CGN,,,,,,,
2019-07-22,12:24,2019-07-22,13:19,,SR,,16,,CGN,,,,,,,
2019-07-22,13:22,2019-07-22,14:10,,SR,52,1,248.78,CGN,CO2 level: 506ppm,,,,,,
2019-07-22,13:22,2019-07-22,14:10,,SR,10,2,145.74,CGN,,,,,,,
2019-07-22,13:22,2019-07-22,14:10,,SR,35,3,186.36,CGN,,,,,,,
2019-07-22,13:22,2019-07-22,14:10,,SR,33,4,181.12,CGN,,,,,,,
2019-07-29,10:32,2019-07-29,11:23,,SR,73,1,272.64,CGN,,,,,,,
2019-07-29,10:32,2019-07-29,11:23,,SR,2,2,144.71,CGN,,,,,,,
2019-07-29,10:32,2019-07-29,11:23,,SR,48,3,142.35,CGN,,,,,,,
2019-07-29,10:32,2019-07-29,11:23,,SR,34,4,180.06,CGN,,,,,,,
2019-07-29,10:32,2019-07-29,11:23,,SR,70,5,171.05,CGN,,,,,,,
2019-07-29,10:32,2019-07-29,11:23,,SR,59,6,240.55,CGN,,,,,,,
2019-07-29,10:32,2019-07-29,11:23,,SR,74,7,248.01,CGN,,,,,,,
2019-07-29,10:32,2019-07-29,11:23,,SR,55,8,230.27,CGN,,,,,,,
2019-07-29,10:32,2019-07-29,11:23,,SR,35,9,141.48,CGN,,,,,,,
2019-07-29,10:32,2019-07-29,11:23,,SR,10,10,128.85,CGN,,,,,,,
2019-07-29,10:32,2019-07-29,11:23,,SR,61,11,236.48,CGN,,,,,,,
2019-07-29,10:32,2019-07-29,11:23,,SR,28,12,165.04,CGN,,,,,,,
2019-07-29,10:32,2019-07-29,11:23,,SR,53,13,190.5,CGN,,,,,,,
2019-07-29,10:32,2019-07-29,11:23,,SR,52,14,221.24,CGN,,,,,,,
2019-07-29,10:32,2019-07-29,11:23,,SR,33,15,136.88,CGN,,,,,,,
2019-07-29,10:32,2019-07-29,11:23,,SR,,16,,CGN,,,,,,,
2019-07-29,11:26,2019-07-29,12:27,,SR,64,1,164.32,CGN,,,,,,,
2019-07-29,11:26,2019-07-29,12:27,,SR,40,2,136.33,CGN,,,,,,,
2019-07-29,11:26,2019-07-29,12:27,,SR,57,3,174.6,CGN,,,,,,,
2019-07-29,11:26,2019-07-29,12:27,,SR,44,4,116.82,CGN,,,,,,,
2019-07-29,11:26,2019-07-29,12:27,,SR,68,5,213.22,CGN,,,,,,,
2019-07-29,11:26,2019-07-29,12:27,,SR,66,6,260.77,CGN,,,,,,,
2019-07-29,11:26,2019-07-29,12:27,,SR,62,7,253.4,CGN,,,,,,,
2019-07-29,11:26,2019-07-29,12:27,,SR,46,8,124.5,CGN,,,,,,,
2019-07-29,11:26,2019-07-29,12:27,,SR,80,9,248.44,CGN,,,,,,,
2019-07-29,11:26,2019-07-29,12:27,,SR,78,10,286.78,CGN,,,,,,,
2019-07-29,11:26,2019-07-29,12:27,,SR,11,11,161.44,CGN,,,,,,,
2019-07-29,11:26,2019-07-29,12:27,,SR,42,12,147.26,CGN,,,,,,,
2019-07-29,11:26,2019-07-29,12:27,,SR,54,13,232.66,CGN,,,,,,,
2019-07-29,11:26,2019-07-29,12:27,,SR,14,14,116.73,CGN,,,,,,,
2019-07-29,11:26,2019-07-29,12:27,,SR,15,15,143.88,CGN,,,,,,,
2019-07-29,11:26,2019-07-29,12:27,,SR,,16,,CGN,,,,,,,
2019-07-29,12:30,2019-07-29,13:51,,SR,1,1,121.85,CGN,,,,,,,
2019-07-29,12:30,2019-07-29,13:51,,SR,56,2,243.94,CGN,,,,,,,
2019-07-29,12:30,2019-07-29,13:51,,SR,3,3,135.27,CGN,,,,,,,
2019-07-29,12:30,2019-07-29,13:51,,SR,4,4,182.1,CGN,,,,,,,
2019-07-29,12:30,2019-07-29,13:51,,SR,5,5,146.01,CGN,,,,,,,
2019-07-29,12:30,2019-07-29,13:51,,SR,20,6,146.23,CGN,,,,,,,
2019-07-29,12:30,2019-07-29,13:51,,SR,29,7,147.63,CGN,,,,,,,
2019-07-29,12:30,2019-07-29,13:51,,SR,65,8,250.51,CGN,,,,,,,
2019-07-29,12:30,2019-07-29,13:51,,SR,9,9,137.69,CGN,,,,,,,
2019-07-29,12:30,2019-07-29,13:51,,SR,31,10,169.48,CGN,,,,,,,
2019-07-29,12:30,2019-07-29,13:51,,SR,63,11,211.26,CGN,,,,,,,
2019-07-29,12:30,2019-07-29,13:51,,SR,26,12,158.75,CGN,,,,,,,
2019-07-29,12:30,2019-07-29,13:51,,SR,13,13,151.4,CGN,,,,,,,
2019-07-29,12:30,2019-07-29,13:51,,SR,83,14,179.15,CGN,,,,,,,
2019-07-29,12:30,2019-07-29,13:51,,SR,82,15,207.46,CGN,,,,,,,
2019-07-29,12:30,2019-07-29,13:51,,SR,,16,,CGN,,,,,,,
2019-07-29,13:54,2019-07-29,14:54,,SR,51,1,192.08,CGN,,,,,,,
2019-07-29,13:54,2019-07-29,14:54,,SR,49,2,127.31,CGN,,,,,,,
2019-07-29,13:54,2019-07-29,14:54,,SR,72,3,257.89,CGN,,,,,,,
2019-07-29,13:54,2019-07-29,14:54,,SR,37,4,146.23,CGN,,,,,,,
2019-07-29,13:54,2019-07-29,14:54,,SR,38,5,144.88,CGN,,,,,,,
2019-07-29,13:54,2019-07-29,14:54,,SR,6,6,146.25,CGN,,,,,,,
2019-07-29,13:54,2019-07-29,14:54,,SR,27,7,158.18,CGN,,,,,,,
2019-07-29,13:54,2019-07-29,14:54,,SR,8,8,120.21,CGN,,,,,,,
2019-07-29,13:54,2019-07-29,14:54,,SR,87,9,222.63,CGN,,,,,,,
2019-07-29,13:54,2019-07-29,14:54,,SR,86,10,211.52,CGN,,,,,,,
2019-07-29,13:54,2019-07-29,14:54,,SR,17,11,144.55,CGN,,,,,,,
2019-07-29,13:54,2019-07-29,14:54,,SR,67,12,249.55,CGN,,,,,,,
2019-07-29,13:54,2019-07-29,14:54,,SR,75,13,245.02,CGN,,,,,,,
2019-07-29,13:54,2019-07-29,14:54,,SR,16,14,140.74,CGN,,,,,,,
2019-07-29,13:54,2019-07-29,14:54,,SR,18,15,141.72,CGN,,,,,,,
2019-07-29,13:54,2019-07-29,14:54,,SR,,16,,CGN,,,,,,,
2019-07-29,14:57,2019-07-29,15:30,,SR,76,1,215.23,CGN,,,,,,,
2019-07-29,14:57,2019-07-29,15:30,,SR,60,2,246.96,CGN,,,,,,,
2019-07-29,14:57,2019-07-29,15:30,,SR,39,3,142.75,CGN,,,,,,,
2019-07-29,14:57,2019-07-29,15:30,,SR,36,4,139.06,CGN,,,,,,,
2019-08-05,11:41,2019-08-05,12:45,,SR,52,1,214.23,CGN,,,,,,,
2019-08-05,11:41,2019-08-05,12:45,,SR,61,2,229.42,CGN,,,,,,,
2019-08-05,11:41,2019-08-05,12:45,,SR,33,3,131.1,CGN,,,,,,,
2019-08-05,11:41,2019-08-05,12:45,,SR,28,4,153.93,CGN,,,,,,,
2019-08-05,11:41,2019-08-05,12:45,,SR,55,5,223.68,CGN,,,,,,,
2019-08-05,11:41,2019-08-05,12:45,,SR,59,6,236.07,CGN,,,,,,,
2019-08-05,11:41,2019-08-05,12:45,,SR,35,7,140.56,CGN,,,,,,,
2019-08-05,11:41,2019-08-05,12:45,,SR,39,9,143.56,CGN,,,,,,,
2019-08-05,11:41,2019-08-05,12:45,,SR,10,10,130.51,CGN,,,,,,,
2019-08-05,11:41,2019-08-05,12:45,,SR,53,11,184.23,CGN,,,,,,,
2019-08-05,11:41,2019-08-05,12:45,,SR,73,12,264.85,CGN,,,,,,,
2019-08-05,11:41,2019-08-05,12:45,,SR,48,13,136.6,CGN,,,,,,,
2019-08-05,11:41,2019-08-05,12:45,,SR,60,14,239.59,CGN,,,,,,,
2019-08-05,11:41,2019-08-05,12:45,,SR,34,15,169.45,CGN,,,,,,,
2019-08-05,11:41,2019-08-05,12:45,,,,16,,CGN,,,,,,,
2019-08-05,12:47,2019-08-05,13:49,,SR,70,1,165.96,CGN,,,,,,,
2019-08-05,12:47,2019-08-05,13:49,,SR,51,2,186.47,CGN,,,,,,,
2019-08-05,12:47,2019-08-05,13:49,,SR,74,3,241.89,CGN,,,,,,,
2019-08-05,12:47,2019-08-05,13:49,,SR,18,4,136.39,CGN,,,,,,,
2019-08-05,12:47,2019-08-05,13:49,,SR,86,5,206.28,CGN,,,,,,,
2019-08-05,12:47,2019-08-05,13:49,,SR,49,6,129.14,CGN,,,,,,,
2019-08-05,12:47,2019-08-05,13:49,,SR,76,7,208.98,CGN,,,,,,,
2019-08-05,12:47,2019-08-05,13:49,,SR,36,8,138.48,CGN,,,,,,,
2019-08-05,12:47,2019-08-05,13:49,,SR,27,9,152.36,CGN,,,,,,,
2019-08-05,12:47,2019-08-05,13:49,,SR,37,10,147.78,CGN,,,,,,,
2019-08-05,12:47,2019-08-05,13:49,,SR,87,11,217.08,CGN,,,,,,,
2019-08-05,12:47,2019-08-05,13:49,,SR,67,12,244.63,CGN,,,,,,,
2019-08-05,12:47,2019-08-05,13:49,,SR,72,13,251.93,CGN,,,,,,,
2019-08-05,12:47,2019-08-05,13:49,,SR,75,14,238.64,CGN,,,,,,,
2019-08-05,12:47,2019-08-05,13:49,,SR,16,15,141.25,CGN,,,,,,,
2019-08-05,12:47,2019-08-05,13:49,,,,16,,CGN,,,,,,,
2019-08-05,13:51,2019-08-05,15:07,,SR,38,1,142.8,CGN,,,,,,,
2019-08-05,13:51,2019-08-05,15:07,,SR,2,2,138.5,CGN,,,,,,,
2019-08-05,13:51,2019-08-05,15:07,,SR,17,3,143.02,CGN,,,,,,,
2019-08-05,13:51,2019-08-05,15:07,,SR,44,4,118.88,CGN,,,,,,,
2019-08-05,13:51,2019-08-05,15:07,,SR,40,5,138.77,CGN,,,,,,,
2019-08-05,13:51,2019-08-05,15:07,,SR,6,6,142.31,CGN,,,,,,,
2019-08-05,13:51,2019-08-05,15:07,,SR,68,7,208.17,CGN,,,,,,,
2019-08-05,13:51,2019-08-05,15:07,,SR,8,8,121.26,CGN,,,,,,,
2019-08-05,13:51,2019-08-05,15:07,,SR,57,9,170.8,CGN,,,,,,,
2019-08-05,13:51,2019-08-05,15:07,,SR,80,10,241.47,CGN,,,,,,,
2019-08-05,13:51,2019-08-05,15:07,,SR,62,11,247.43,CGN,,,,,,,
2019-08-05,13:51,2019-08-05,15:07,,SR,64,12,166.28,CGN,,,,,,,
2019-08-05,13:51,2019-08-05,15:07,,SR,46,13,126.46,CGN,,,,,,,
2019-08-05,13:51,2019-08-05,15:07,,SR,54,14,227.14,CGN,,,,,,,
2019-08-05,13:51,2019-08-05,15:07,,SR,15,15,140.79,CGN,,,,,,,
2019-08-05,13:51,2019-08-05,15:07,,,,16,,CGN,,,,,,,
2019-08-05,15:10,2019-08-05,15:59,,SR,1,1,123.39,CGN,,,,,,,
2019-08-05,15:10,2019-08-05,15:59,,SR,42,2,146.97,CGN,,,,,,,
2019-08-05,15:10,2019-08-05,15:59,,SR,3,3,136.53,CGN,,,,,,,
2019-08-05,15:10,2019-08-05,15:59,,SR,4,4,176.13,CGN,,,,,,,
2019-08-05,15:10,2019-08-05,15:59,,SR,5,5,144.37,CGN,,,,,,,
2019-08-05,15:10,2019-08-05,15:59,,SR,66,6,257.95,CGN,,,,,,,
2019-08-05,15:10,2019-08-05,15:59,,SR,56,7,238.16,CGN,,,,,,,
2019-08-05,15:10,2019-08-05,15:59,,SR,63,8,208.49,CGN,,,,,,,
2019-08-05,15:10,2019-08-05,15:59,,SR,9,9,133.13,CGN,,,,,,,
2019-08-05,15:10,2019-08-05,15:59,,SR,20,10,142.62,CGN,,,,,,,
2019-08-05,15:10,2019-08-05,15:59,,SR,78,11,283.03,CGN,,,,,,,
2019-08-05,15:10,2019-08-05,15:59,,SR,83,12,176.12,CGN,,,,,,,
2019-08-05,15:10,2019-08-05,15:59,,SR,13,13,147.32,CGN,,,,,,,
2019-08-05,15:10,2019-08-05,15:59,,SR,14,14,117.52,CGN,,,,,,,
2019-08-05,15:10,2019-08-05,15:59,,SR,29,15,138.13,CGN,,,,,,,
2019-08-05,15:10,2019-08-05,15:59,,,,16,,CGN,,,,,,,
2019-08-05,16:02,2019-08-05,16:45,,SR,11,1,158.65,CGN,,,,,,,
2019-08-05,16:02,2019-08-05,16:45,,SR,82,2,204.07,CGN,,,,,,,
2019-08-05,16:02,2019-08-05,16:45,,SR,65,3,243.8,CGN,,,,,,,
2019-08-05,16:02,2019-08-05,16:45,,SR,31,4,159.14,CGN,,,,,,,
2019-08-05,16:02,2019-08-05,16:45,,SR,26,5,152.18,CGN,,,,,,,
2019-08-05,16:02,2019-08-05,16:45,,,,6,,CGN,,,,,,,
2019-09-03,17:23,2019-09-04,10:12,,SR,67,1,233.69,sf,,,0,,1,0,
2019-09-03,17:23,2019-09-04,10:12,,SR,70,2,160.75,sf,,,0,,1,0,
2019-09-03,17:23,2019-09-04,10:12,,SR,66,3,247.01,sf,,,0,,1,0,
2019-09-03,17:23,2019-09-04,10:12,,SR,20,4,140.23,sf,,,0,,1,0,
2019-09-03,17:23,2019-09-04,10:12,,SR,9,5,122.37,sf,,,0,,1,0,
2019-09-03,17:23,2019-09-04,10:12,,SR,83,6,172.08,sf,,,0,,1,0,
2019-09-03,17:23,2019-09-04,10:12,,SR,3,7,137,sf,,,0,,1,0,
2019-09-03,17:23,2019-09-04,10:12,,SR,54,8,208.84,sf,,,0,,1,0,
2019-09-03,17:23,2019-09-04,10:12,,amb,0,16,,sf,,,0,,1,0,
2019-09-04,10:24,2019-09-04,11:30,,SR,20,1,205.61,sf,start of sat,,,,,,
2019-09-04,10:24,2019-09-04,11:30,,SR,66,2,331.07,sf,,,,,,,
2019-09-04,10:24,2019-09-04,11:30,,SR,83,3,221.58,sf,,,,,,,
2019-09-04,10:24,2019-09-04,11:30,,SR,54,4,272.19,sf,,,,,,,
2019-09-04,10:24,2019-09-04,11:30,,SR,9,5,181.65,sf,,,,,,,
2019-09-04,10:24,2019-09-04,11:30,,SR,67,6,315.72,sf,,,,,,,
2019-09-04,10:24,2019-09-04,11:30,,SR,70,7,206.99,sf,,,,,,,
2019-09-04,10:24,2019-09-04,11:30,,SR,3,8,201.31,sf,,,,,,,
2019-09-23,9:35,2019-09-23,12:30,,amb,0,16,,sf,start sat,,,,,,
2019-09-23,9:35,2019-09-23,12:30,,SR,6,10,141.62,sf,monitor prior to sat,,,,,,
2019-09-23,9:35,2019-09-23,12:30,,SR,16,11,144.81,,,,,,,,
2019-09-23,9:35,2019-09-23,12:30,,SR,57,12,169.82,,,,,,,,
2019-09-23,9:35,2019-09-23,12:30,,SR,39,13,143.73,,,,,,,,
2019-09-23,12:35,2019-09-23,13:58,,SR,6,10,188.3,,start sat,,,,,,
2019-09-23,12:35,2019-09-23,13:58,,SR,16,11,199.52,,,,,,,,
2019-09-23,12:35,2019-09-23,13:58,,SR,57,12,205.24,,,,,,,,
2019-09-23,12:35,2019-09-23,13:58,,SR,39,13,199.21,,,,,,,,
2019-09-25,12:35,2019-09-25,13:58,,amb,0,16,,,end sat,,,,,,
2019-09-25,14:25,2019-09-25,15:33,,SR,27,10,138.26,,monitor prior to sat,,,,,,
2019-09-25,14:25,2019-09-25,15:33,,SR,76,11,195.67,,,,,,,,
2019-09-25,14:25,2019-09-25,15:33,,SR,44,12,119,,,,,,,,
2019-09-25,14:25,2019-09-25,15:33,,amb,0,16,,,,,,,,,
2019-09-25,15:35,2019-09-26,9:35,,SR,27,10,138.26,,start sat,,0,,1,0,
2019-09-25,15:35,2019-09-26,9:35,,SR,76,11,195.67,,,,0,,1,0,
2019-09-25,15:35,2019-09-26,9:35,,SR,44,12,119,,,,0,,1,0,
2019-09-25,15:35,2019-09-26,9:35,,amb,0,16,,,,remove?,0,,1,0,
2019-09-26,9:43,2019-09-26,10:00,,SR,27,15,,,,remove?,,,,,
2019-09-26,9:43,2019-09-26,10:00,,SR,76,11,,,,remove?,,,,,
2019-09-26,9:43,2019-09-26,10:00,,SR,44,12,,,,remove?,,,,,
2019-09-26,9:43,2019-09-26,10:00,,amb,0,16,,,,remove?,,,,,
2019-09-27,9:43,2019-09-27,11:40,,SR,39,11,,,,remove?,,,,,
2019-09-27,9:43,2019-09-27,11:40,,SR,16,12,,,,remove?,,,,,
2019-09-27,9:43,2019-09-27,11:40,,SR,57,13,,,,remove?,,,,,
2019-09-27,9:43,2019-09-27,11:40,,SR,6,14,,,,remove?,,,,,
2019-09-27,9:43,2019-09-27,11:40,,SR,27,15,,,,remove?,,,,,
2019-09-27,9:43,2019-09-27,11:40,,amb,0,16,,,,remove?,,,,,
2019-09-27,11:41,2019-09-30,9:55,,SR,76,11,247.58,,,,0,,1,0,
2019-09-27,11:41,2019-09-30,9:55,,SR,44,12,175.18,,,,0,,1,0,
2019-09-30,10:12,2019-09-30,11:16,,SR,6,11,196.54,,,,,,,,
2019-09-30,10:12,2019-09-30,11:16,,SR,16,12,202.54,,,,,,,,
2019-09-30,10:12,2019-09-30,11:16,,SR,57,13,213.44,,,,,,,,
2019-09-30,10:12,2019-09-30,11:16,,SR,39,14,201.42,,,,,,,,
2019-09-30,10:12,2019-09-30,11:16,,SR,76,15,249.15,,,,,,,,
2019-09-30,10:12,2019-09-30,11:16,,amb,0,16,,,,,,,,,
2019-09-30,11:17,2019-09-30,12:54,,SR,44,11,177.28,,,,,,,,
2019-09-30,11:17,2019-09-30,12:54,,SR,27,12,160.46,,,,,,,,
2019-09-30,11:17,2019-09-30,12:54,,amb,0,16,,,,,,,,,
2019-10-02,15:03,2019-10-02,16:06,,SR,6,11,196.02,,,,,,,,
2019-10-02,15:03,2019-10-02,16:06,,SR,16,12,203.48,,,,,,,,
2019-10-02,15:03,2019-10-02,16:06,,SR,57,13,213.93,,,,,,,,
2019-10-02,15:03,2019-10-02,16:06,,SR,39,14,200.59,,,,,,,,
2019-10-02,15:03,2019-10-02,16:06,,SR,76,15,248.09,,,,,,,,
2019-10-02,15:03,2019-10-02,16:06,,amb,0,16,,,,,,,,,
2019-10-02,16:09,2019-10-02,17:00,,SR,44,11,174.39,,,,,,,,
2019-10-02,10:00,2019-10-02,17:00,,SR,27,12,159.94,,,,,,,,
2019-10-02,10:00,2019-10-02,17:00,,amb,0,16,,,,,,,,,
2019-10-07,10:00,2019-10-07,14:00,,SR,39,11,199.71,start two week sat hold,,,,,,,
2019-10-07,10:00,2019-10-07,14:00,,SR,6,12,193.7,,,,,,,,
2019-10-07,10:00,2019-10-07,14:00,,SR,16,13,200.89,,,,,,,,
2019-10-07,10:00,2019-10-07,14:00,,SR,76,14,245.81,,,,,,,,
2019-10-07,10:00,2019-10-07,14:00,,SR,57,15,208.14,,,,,,,,
2019-10-07,10:00,2019-10-07,14:00,,amb,0,16,,,,,,,,,
2019-10-08,9:45,2019-10-08,10:00,,SR,27,11,161.31,,,,,,,,
2019-10-08,9:45,2019-10-08,10:00,,SR,44,12,175.35,,,,,,,,
2019-10-09,9:45,2019-10-09,10:00,,amb,0,16,,,,,,,,,
2019-10-10,11:04,2019-10-10,15:00,,SR,39,11,203.7,,,,,,,,
2019-10-10,11:04,2019-10-10,15:00,,SR,6,12,198.26,,,,,,,,
2019-10-10,11:04,2019-10-10,15:00,,SR,16,13,204.94,,,,,,,,
2019-10-10,11:04,2019-10-10,15:00,,SR,76,14,249.708,,,,,,,,
2019-10-10,11:04,2019-10-10,15:00,,SR,57,15,213.46,,,,,,,,
2019-10-10,11:04,2019-10-10,15:00,,amb,0,16,,,,,,,,,
2019-10-11,15:30,2019-10-11,17:30,,SR,27,11,161.63,,,,,,,,
2019-10-11,15:30,2019-10-11,17:30,,SR,44,12,177.03,,,,,,,,
2019-10-11,15:30,2019-10-11,17:30,,amb,0,16,,,,,,,,,
2019-10-15,10:12,2019-10-15,13:22,,SR,39,11,203.6,,,,,,,,
2019-10-15,10:12,2019-10-15,13:22,,SR,16,12,205.01,,,,,,,,
2019-10-15,10:12,2019-10-15,13:22,,SR,76,13,249.9,,,,,,,,
2019-10-15,10:12,2019-10-15,13:22,,SR,6,14,198.31,,,,,,,,
2019-10-15,10:12,2019-10-15,13:22,,SR,57,15,213.55,,,,,,,,
2019-10-15,10:12,2019-10-15,13:22,,amb,0,16,,,,,,,,,
2019-10-15,13:25,2019-10-15,14:20,,SR,44,11,177.16,,,,,,,,
2019-10-15,13:25,2019-10-15,14:20,,SR,27,12,161.57,,,,,,,,
2019-10-15,13:25,2019-10-15,14:20,,amb,0,16,,,,,1,,1,0,check
2019-10-15,15:30,2019-10-18,12:27,,SR,44,11,177.1,,,,0,,1,0,
2019-10-15,15:30,2019-10-18,12:27,,SR,27,12,161.61,,,,0,,1,0,
2019-10-15,15:30,2019-10-18,12:27,,SR,76,13,249.88,,,,0,,1,0,
2019-10-15,15:30,2019-10-18,12:27,,SR,6,14,198.34,,,,0,,1,0,
2019-10-15,15:30,2019-10-18,12:27,,SR,57,15,213.51,,,,0,,1,0,
2019-10-15,15:30,2019-10-18,12:27,,amb,0,16,,,,,0,,1,0,
2019-10-18,12:30,2019-10-18,14:30,,SR,16,11,205.12,,,,,,,,
2019-10-18,12:30,2019-10-18,14:30,,SR,39,12,203.63,,,,,,,,
2019-10-18,12:30,2019-10-18,14:30,,amb,0,16,,,,,,,,,
2019-10-24,9:00,2019-10-24,9:50,,SR,16,11,203.98,and 14 day sat hold,,,,,,,
2019-10-24,9:00,2019-10-24,9:50,,SR,39,12,203.49,KP,,,,,,,
2019-10-24,9:00,2019-10-24,9:50,,SR,76,13,250.22,,,,,,,,
2019-10-24,9:00,2019-10-24,9:50,,SR,6,14,198.01,,,,,,,,
2019-10-24,9:00,2019-10-24,9:50,,SR,57,15,212.79,,,,,,,,
2019-10-24,9:00,2019-10-24,9:50,,SR,27,9,161.32,,,,,,,,
2019-10-24,9:00,2019-10-24,9:50,,SR,44,10,174.28,,,,,,,,
2019-10-24,9:00,2019-10-24,9:50,,amb,0,16,,KP,stopped at 9:50,,,,,,
2019-11-01,17:55,2019-11-01,23:00,,SR,14,1,,,,,1,,1,0,assuming 11 pm
2019-11-01,17:55,2019-11-01,23:00,,SR,53,2,,,,,1,,1,0,
2019-11-01,17:55,2019-11-01,23:00,,SR,63,3,,,,,1,,1,0,
2019-11-01,17:55,2019-11-01,23:00,,SR,1,4,,,,,1,,1,0,
2019-11-01,17:55,2019-11-01,23:00,,SR,10,5,,,,,1,,1,0,
2019-11-01,17:55,2019-11-01,23:00,,SR,33,6,,,,,1,,1,0,
2019-11-01,17:55,2019-11-01,23:00,,SR,52,7,,,,,1,,1,0,
2019-11-01,17:55,2019-11-01,23:00,,SR,48,8,,,,,1,,1,0,
2019-11-01,17:55,2019-11-01,23:00,,SR,18,9,,,,,1,,1,0,
2019-11-01,17:55,2019-11-01,23:00,,SR,78,10,,,,,1,,1,0,
2019-11-01,17:55,2019-11-01,23:00,,SR,13,11,,,,,1,,1,0,
2019-11-01,17:55,2019-11-01,23:00,,SR,4,12,,,,,1,,1,0,
2019-11-01,17:55,2019-11-01,23:00,,SR,42,13,,,,,1,,1,0,
2019-11-01,17:55,2019-11-01,23:00,,SR,37,14,,,,,1,,1,0,
2019-11-01,17:55,2019-11-01,23:00,,SR,26,15,,,,,1,,1,0,
2019-11-01,17:55,2019-11-01,23:00,,amb,0,16,,,,,1,,1,0,
2019-11-02,14:25,2019-11-02,16:05,,SR,35,1,,KP,,,,,,,
2019-11-02,14:25,2019-11-02,16:05,,SR,60,2,,,,,,,,,
2019-11-02,14:25,2019-11-02,16:05,,SR,80,3,,,,,,,,,
2019-11-02,14:25,2019-11-02,16:05,,SR,86,4,,,,,,,,,
2019-11-02,14:25,2019-11-02,16:05,,SR,36,5,,,,,,,,,
2019-11-02,14:25,2019-11-02,16:05,,SR,68,6,,,,,,,,,
2019-11-02,14:25,2019-11-02,16:05,,SR,55,7,,,,,,,,,
2019-11-02,14:25,2019-11-02,16:05,,SR,29,8,,,,,,,,,
2019-11-02,14:25,2019-11-02,16:05,,SR,82,9,,,,,,,,,
2019-11-02,14:25,2019-11-02,16:05,,SR,74,10,,,,,,,,,
2019-11-02,14:25,2019-11-02,16:05,,SR,51,11,,,,,,,,,
2019-11-02,14:25,2019-11-02,16:05,,SR,72,12,,,,,,,,,
2019-11-02,14:25,2019-11-02,16:05,,SR,75,13,,,,,,,,,
2019-11-02,14:25,2019-11-02,16:05,,SR,59,14,,,,,,,,,
2019-11-02,14:25,2019-11-02,16:05,,SR,87,15,,,stopped at 16:05,,,,,,
2019-11-02,14:25,2019-11-02,16:05,,amb,0,16,,,,,,,,,
2019-11-02,11:56,2019-11-02,14:20,,SR,38,1,,,,,,,,,
2019-11-02,11:56,2019-11-02,14:20,,SR,64,2,,,,,,,,,
2019-11-02,11:56,2019-11-02,14:20,,SR,7,3,,,,,,,,,
2019-11-02,11:56,2019-11-02,14:20,,SR,62,4,,,,,,,,,
2019-11-02,11:56,2019-11-02,14:20,,SR,56,5,,,,,,,,,
2019-11-02,11:56,2019-11-02,14:20,,SR,61,6,,,,,,,,,
2019-11-02,11:56,2019-11-02,14:20,,SR,8,7,,,,,,,,,
2019-11-02,11:56,2019-11-02,14:20,,SR,73,8,,,,,,,,,
2019-11-02,11:56,2019-11-02,14:20,,SR,31,9,,,,,,,,,
2019-11-02,11:56,2019-11-02,14:20,,SR,65,10,,,,,,,,,
2019-11-02,11:56,2019-11-02,14:20,,SR,2,11,,,,,,,,,
2019-11-02,11:56,2019-11-02,14:20,,SR,46,12,,,,,,,,,
2019-11-02,11:56,2019-11-02,14:20,,SR,40,13,,,,,,,,,
2019-11-02,11:56,2019-11-02,14:20,,SR,15,14,,,,,,,,,
2019-11-02,11:56,2019-11-02,14:20,,SR,5,15,,,,,,,,,
2019-11-02,11:56,2019-11-02,14:20,,AMB,0,16,,,,,,,,,
2019-11-03,11:15,2019-11-03,11:54,,SR,11,49,,,,,,,,,
2019-11-03,11:15,2019-11-03,11:54,,SR,12,34,,,,,,,,,
2019-11-03,11:15,2019-11-03,11:54,,SR,13,28,,,,,,,,,
2019-11-03,11:15,2019-11-03,11:54,,SR,14,11,,,,,,,,,
2019-11-03,11:15,2019-11-03,11:54,,AMB,0,16,,,,,,,,,
2019-11-09,15:07,2019-11-09,15:37,,SR,1,1,,,,,,,,,
2019-11-09,15:07,2019-11-09,15:37,,SR,37,2,,,,,,,,,
2019-11-09,15:07,2019-11-09,15:37,,SR,77,3,,,,,,,,,
2019-11-09,15:07,2019-11-09,15:37,,SR,18,4,,,,,,,,,
2019-11-09,15:07,2019-11-09,15:37,,SR,71,5,,,,,,,,,
2019-11-09,15:07,2019-11-09,15:37,,SR,52,6,,,,,,,,,
2019-11-09,15:37,2019-11-09,15:37,,AMB,,16,,,,,,,,,
2019-11-10,15:59,2019-11-18,11:57,,SR,71,1,,,,,0,,1,0,check
2019-11-10,15:59,2019-11-18,11:57,,SR,18,2,,,,,0,,1,0,
2019-11-10,15:59,2019-11-18,11:57,,SR,77,3,,,,,0,,1,0,
2019-11-10,15:59,2019-11-18,11:57,,SR,1,4,,,,,0,,1,0,
2019-11-10,15:59,2019-11-18,11:57,,SR,37,5,,,,,0,,1,0,
2019-11-10,15:59,2019-11-18,11:57,,SR,52,6,,,,,0,,1,0,
2019-11-10,15:59,2019-11-18,11:57,,AMB,,16,,,,,0,,1,0,
2019-11-18,11:59,2019-11-18,14:05,,SR,53,1,172.7,,,,,,,,
2019-11-18,11:59,2019-11-18,14:05,,SR,87,2,199.97,,,,,,,,
2019-11-18,11:59,2019-11-18,14:05,,SR,37,3,146.54,,,,,,,,
2019-11-18,11:59,2019-11-18,14:05,,SR,52,4,203.28,,,,,,,,
2019-11-18,11:59,2019-11-18,14:05,,SR,15,5,133.64,,,,,,,,
2019-11-18,11:59,2019-11-18,14:05,,SR,78,6,235.32,,,,,,,,
2019-11-18,11:59,2019-11-18,14:05,,SR,34,7,144.36,,,,,,,,
2019-11-18,11:59,2019-11-18,14:05,,SR,18,8,131.52,,,,,,,,
2019-11-18,11:59,2019-11-18,14:05,,SR,72,9,212.53,,,,,,,,
2019-11-18,11:59,2019-11-18,14:05,,SR,62,10,217.81,,,,,,,,
2019-11-18,11:59,2019-11-18,14:05,,SR,65,11,216.27,,,,,,,,
2019-11-18,11:59,2019-11-18,14:05,,SR,11,12,150.25,,,,,,,,
2019-11-18,11:59,2019-11-18,14:05,,AMB,0,16,,,,,,,,,
2019-11-18,14:20,2019-12-16,10:53,,SR,53,1,,,start sat,,0,,1,0,
2019-11-18,14:20,2019-12-16,10:53,,SR,15,2,196.91,,,,0,,1,0,
2019-11-18,14:20,2019-12-16,10:53,,SR,87,3,,,,,0,,1,0,
2019-11-18,14:20,2019-12-16,10:53,,SR,37,4,218.14,,,,0,,1,0,
2019-11-18,14:20,2019-12-16,10:53,,SR,52,5,,,,,0,,1,0,
2019-11-18,14:20,2019-12-16,10:53,,SR,65,6,,,,,0,,1,0,
2019-11-18,14:20,2019-12-16,10:53,,SR,78,7,,,,,0,,1,0,
2019-11-18,14:20,2019-12-16,10:53,,SR,18,8,,,,,0,,1,0,
2019-11-18,14:20,2019-12-16,10:53,,SR,11,9,,,,,0,,1,0,
2019-11-18,14:20,2019-12-16,10:53,,SR,62,10,,,,,0,,1,0,
2019-11-18,14:20,2019-12-16,10:53,,SR,34,11,,,,,0,,1,0,
2019-11-18,14:20,2019-12-16,10:53,,SR,72,12,,,,,0,,1,0,
2019-11-18,14:20,2019-12-16,10:53,,AMB,0,16,,,end,,0,,1,0,
2020-03-20,10:00,2020-03-20,,mass_only,SR,43,,286.52,,I think this is Sophia tracking weights,,0,,0,0,
2020-03-20,,2020-03-20,,mass_only,SR,21,,291.93,,,,,,,,
2020-03-20,,2020-03-20,,mass_only,SR,47,,283.49,,,,,,,,
2020-03-20,,2020-03-20,,mass_only,SR,89,,311.36,,,,,,,,
2020-03-20,,2020-03-20,,mass_only,SR,95,,353.3,,,,,,,,
2020-03-20,,2020-03-20,,mass_only,SR,84,,345.63,,,,,,,,
2020-03-20,,2020-03-20,,mass_only,SR,45,,281.16,,,,,,,,
2020-03-20,,2020-03-20,,mass_only,SR,32,,240.73,,,,,,,,
2020-03-20,,2020-03-20,,mass_only,SR,81,,354.61,,,,,,,,
2020-03-20,,2020-03-20,,mass_only,SR,91,,349.16,,,,,,,,
2020-03-20,,2020-03-20,,mass_only,SR,24,,299.39,,,,,,,,
2020-03-20,,2020-03-20,,mass_only,SR,79,,250.43,,,,,,,,
2020-03-23,16:01,2020-03-23,,mass_only,SR,43,,275.81,,,,0,,0,0,
2020-03-23,,2020-03-23,,mass_only,SR,21,,282.4,,,,,,,,
2020-03-23,,2020-03-23,,mass_only,SR,47,,273.42,,,,,,,,
2020-03-23,,2020-03-23,,mass_only,SR,89,,302.86,,,,,,,,
2020-03-23,,2020-03-23,,mass_only,SR,95,,347.65,,,,,,,,
2020-03-23,,2020-03-23,,mass_only,SR,84,,339.34,,,,,,,,
2020-03-23,,2020-03-23,,mass_only,SR,45,,274.1,,,,,,,,
2020-03-23,,2020-03-23,,mass_only,SR,32,,232.86,,,,,,,,
2020-03-23,,2020-03-23,,mass_only,SR,81,,346.91,,,,,,,,
2020-03-23,,2020-03-23,,mass_only,SR,91,,342.01,,,,,,,,
2020-03-23,,2020-03-23,,mass_only,SR,24,,287.9,,,,,,,,
2020-03-23,,2020-03-23,,mass_only,SR,79,,243.8,,,,,,,,
2020-03-24,15:04,2020-03-24,,mass_only,SR,43,,266.56,,,,0,,0,0,
2020-03-24,,2020-03-24,,mass_only,SR,21,,272.28,,,,,,,,
2020-03-24,,2020-03-24,,mass_only,SR,47,,262.64,,,,,,,,
2020-03-24,,2020-03-24,,mass_only,SR,89,,295.26,,,,,,,,
2020-03-24,,2020-03-24,,mass_only,SR,95,,343.01,,,,,,,,
2020-03-24,,2020-03-24,,mass_only,SR,84,,334.18,,,,,,,,
2020-03-24,,2020-03-24,,mass_only,SR,45,,266.11,,,,,,,,
2020-03-24,,2020-03-24,,mass_only,SR,32,,224.22,,,,,,,,
2020-03-24,,2020-03-24,,mass_only,SR,81,,341.15,,,,,,,,
2020-03-24,,2020-03-24,,mass_only,SR,91,,335.36,,,,,,,,
2020-03-24,,2020-03-24,,mass_only,SR,24,,277.38,,,,,,,,
2020-03-24,,2020-03-24,,mass_only,SR,79,,238.76,,,,,,,,