"DATETIME","ALARM_STATUS","MPVPosition","CH4_dry","CO2_dry","h2o_reported","Sample_number","Elapsed_seconds","Core"
2019-09-01 00:40:16,0,1,47.18627795,455.9229962,1.596613639,1,0,"6"
2019-09-01 00:41:07,0,1,47.18627795,657.05459571,1.596613639,1,51,"6"
2019-09-01 01:27:19,0,1,43.204940926,446.15141039,1.596613639,22,0,"6"
2019-09-01 01:28:10,0,1,43.204940926,994.63882766,1.596613639,22,51,"6"
2019-09-01 01:29:00,0,1,43.204940926,1093.2630846,1.596613639,22,101,"6"
2019-09-01 02:15:03,0,1,46.245999773,442.67690057,1.6020750752,47,0,"6"
2019-09-01 02:15:52,0,1,46.245999773,638.93491932,1.6020750752,47,49,"6"
2019-09-01 03:02:26,0,1,35.512883581,440.27815383,1.5436496614,77,0,"6"
2019-09-01 03:03:16,0,1,35.512883581,633.27940476,1.5436496614,77,50,"6"
2019-09-01 03:49:24,0,1,48.39226631,452.6514163,1.5436496614,99,0,"6"
2019-09-01 03:49:29,0,1,48.70758061,1149.1777944,2.7344975914,99,5,"6"
2019-09-01 03:50:02,0,1,48.70758061,1149.1777944,2.7344975914,99,38,"6"
2019-09-01 03:50:52,0,1,49.035595008,1293.4053215,2.7344975914,99,88,"6"
2019-09-01 04:36:57,0,1,49.035595008,465.25951331,2.7344975914,115,0,"6"
2019-09-01 04:37:48,0,1,49.035595008,825.56252034,2.7344975914,115,51,"6"
2019-09-01 05:24:35,0,1,48.381128253,457.67699127,1.5221790026,145,0,"6"
2019-09-01 05:25:25,0,1,48.381128253,646.60300894,1.5221790026,145,50,"6"
2019-09-01 06:12:04,0,1,44.95382173,464.73140527,2.4261602801,175,0,"6"
2019-09-01 06:12:54,0,1,44.95382173,623.50023598,2.4261602801,175,50,"6"
2019-09-01 06:58:59,0,1,44.95382173,467.14983688,2.4261602801,197,0,"6"
2019-09-01 06:59:48,0,1,44.95382173,990.16314971,2.4261602801,197,49,"6"
2019-09-01 07:00:37,0,1,44.95382173,1093.0855885,2.4261602801,197,98,"6"
2019-09-01 07:46:30,0,1,44.95382173,466.22566909,2.4261602801,215,0,"6"
2019-09-01 07:47:19,0,1,44.95382173,795.37152503,2.4261602801,215,49,"6"
2019-09-01 08:33:52,0,1,44.580281382,461.83211565,1.669912848,245,0,"6"
2019-09-01 08:34:43,0,1,44.580281382,813.37604373,1.669912848,245,51,"6"
2019-09-01 09:21:05,0,1,36.646695719,448.91670369,1.7139375573,267,0,"6"
2019-09-01 09:21:55,0,1,36.646695719,1083.9303636,1.7139375573,267,50,"6"
2019-09-01 09:22:45,0,1,36.646695719,1187.8774992,1.7139375573,267,100,"6"
2019-09-01 10:08:23,0,1,48.369237495,444.03175025,1.6869146097,283,0,"6"
2019-09-01 10:09:12,0,1,48.369237495,1294.035745,1.6869146097,283,49,"6"
2019-09-01 10:10:01,0,1,48.369237495,1409.942955,1.6869146097,283,98,"6"
2019-09-01 10:56:17,0,1,37.604841702,449.25988035,1.6988059935,302,0,"6"
2019-09-01 10:57:09,0,1,37.604841702,623.64048462,1.6988059935,302,52,"6"
2019-09-01 11:43:17,0,1,48.332633797,463.75916795,1.7053860999,330,0,"6"
2019-09-01 11:44:07,0,1,48.332633797,959.8688958,1.7053860999,330,50,"6"
2019-09-01 11:44:57,0,1,48.332633797,1058.2237349,1.7053860999,330,100,"6"
2019-09-01 12:30:32,0,1,48.340785146,479.53165626,1.7209577659,346,0,"6"
2019-09-01 12:31:21,0,1,48.340785146,1280.3871688,1.7209577659,346,49,"6"
2019-09-01 12:32:11,0,1,48.340785146,1393.2462345,1.7209577659,346,99,"6"
2019-09-01 13:18:26,0,1,48.344198877,499.8059617,1.7274742775,371,0,"6"
2019-09-01 13:19:16,0,1,48.344198877,670.51751037,1.7274742775,371,50,"6"
2019-09-01 14:05:10,0,1,49.183577186,504.68667877,1.7274742775,398,0,"6"
2019-09-01 14:06:01,0,1,49.183577186,569.93720474,1.7274742775,398,51,"6"
2019-09-01 14:06:52,0,1,49.183577186,696.76871519,1.7274742775,398,102,"6"
2019-09-01 14:53:13,0,1,49.181623473,515.94688706,1.7238088081,421,0,"6"
2019-09-01 14:54:02,0,1,49.181623473,681.3350274,1.7238088081,421,49,"6"
2019-09-01 15:40:04,0,1,49.181623473,500.19214429,1.7238088081,446,0,"6"
2019-09-01 15:40:53,0,1,49.181623473,1283.5387289,1.7238088081,446,49,"6"
2019-09-01 15:41:43,0,1,49.181623473,1395.5640968,1.7238088081,446,99,"6"
2019-09-01 16:27:42,0,1,53.831844222,485.28766902,1.7238088081,466,0,"6"
2019-09-01 16:28:32,0,1,53.831844222,790.11434299,1.7238088081,466,50,"6"
2019-09-01 17:15:18,0,1,53.831844222,490.56018365,1.7238088081,496,0,"6"
2019-09-01 17:16:08,0,1,53.831844222,668.8685327,1.7238088081,496,50,"6"
2019-09-01 18:02:45,0,1,53.847497024,475.43447368,1.7506183765,521,0,"6"
2019-09-01 18:03:37,0,1,53.847497024,633.51477387,1.7506183765,521,52,"6"
2019-09-01 18:49:47,0,1,44.411930005,464.2634204,1.7506183765,540,0,"6"
2019-09-01 18:50:38,0,1,44.411930005,828.27367923,1.7506183765,540,51,"6"
2019-09-01 18:50:43,0,1,44.618159654,924.92193002,2.5944390186,540,56,"6"
2019-09-01 18:51:16,0,1,44.618159654,924.92193002,2.5944390186,540,89,"6"
2019-09-01 19:37:36,0,1,48.922033834,461.85794836,2.7760981389,569,0,"6"
2019-09-01 19:38:25,0,1,48.922033834,606.16275224,2.7760981389,569,49,"6"
2019-09-01 20:24:11,0,1,48.37359616,450.73808595,1.7668913528,586,0,"6"
2019-09-01 20:25:01,0,1,48.37359616,450.62842037,1.7668913528,586,50,"6"
2019-09-01 20:25:52,0,1,48.37359616,585.93231855,1.7668913528,586,101,"6"
2019-09-01 21:11:38,0,1,45.896374486,448.53764039,1.76386889,606,0,"6"
2019-09-01 21:12:29,0,1,43.046572457,1197.5881183,1.76386889,606,51,"6"
2019-09-01 21:13:19,0,1,43.046572457,1319.9931086,1.76386889,606,101,"6"
2019-09-01 21:59:20,0,1,43.046572457,447.32478185,1.76386889,622,0,"6"
2019-09-01 22:00:10,0,1,43.046572457,792.01609127,1.76386889,622,50,"6"
2019-09-01 22:46:58,0,1,43.046572457,446.30932581,1.76386889,652,0,"6"
2019-09-01 22:47:48,0,1,43.046572457,631.07225431,1.76386889,652,50,"6"
2019-09-01 23:34:13,0,1,38.149347118,447.45625294,1.7556555475,682,0,"6"
2019-09-01 23:35:02,0,1,38.149347118,689.24458183,1.7556555475,682,49,"6"
2019-09-01 00:42:47,0,2,47.18627795,531.59214614,1.596613639,3,0,"39"
2019-09-01 00:43:38,0,2,47.18627795,573.11803356,1.596613639,3,51,"39"
2019-09-01 01:29:49,0,2,43.204940926,605.11222437,1.596613639,23,0,"39"
2019-09-01 01:30:40,0,2,43.204940926,730.41343037,1.596613639,23,51,"39"
2019-09-01 02:17:33,0,2,46.245999773,520.29082888,1.6020750752,49,0,"39"
2019-09-01 02:17:39,0,2,46.438952154,565.93200378,2.3675587929,49,6,"39"
2019-09-01 02:18:13,0,2,46.438952154,565.93200378,2.3675587929,49,40,"39"
2019-09-01 03:04:58,0,2,35.512883581,517.64021514,1.5436496614,79,0,"39"
2019-09-01 03:05:48,0,2,35.512883581,555.14897401,1.5436496614,79,50,"39"
2019-09-01 03:51:42,0,2,49.035595008,664.67523964,2.7344975914,100,0,"39"
2019-09-01 03:52:32,0,2,49.035595008,530.47301362,2.7344975914,100,50,"39"
2019-09-01 03:53:21,0,2,49.035595008,553.56911794,2.7344975914,100,99,"39"
2019-09-01 04:39:28,0,2,49.035595008,561.33425053,2.7344975914,117,0,"39"
2019-09-01 04:40:18,0,2,49.035595008,641.89120733,2.7344975914,117,50,"39"
2019-09-01 05:27:05,0,2,48.381128253,534.29825807,1.5221790026,147,0,"39"
2019-09-01 05:27:56,0,2,48.381128253,574.32797001,1.5221790026,147,51,"39"
2019-09-01 06:14:33,0,2,44.95382173,537.32090764,2.4261602801,177,0,"39"
2019-09-01 06:15:23,0,2,44.95382173,568.42398486,2.4261602801,177,50,"39"
2019-09-01 07:01:28,0,2,44.95382173,632.1518174,2.4261602801,198,0,"39"
2019-09-01 07:02:18,0,2,44.95382173,755.84584193,2.4261602801,198,50,"39"
2019-09-01 07:03:07,0,2,44.95382173,762.12745987,2.4261602801,198,99,"39"
2019-09-01 07:49:02,0,2,44.95382173,560.99505527,2.4261602801,217,0,"39"
2019-09-01 07:49:52,0,2,44.95382173,625.03115518,2.4261602801,217,50,"39"
2019-09-01 08:36:23,0,2,44.580281382,553.95923043,1.669912848,247,0,"39"
2019-09-01 08:37:13,0,2,44.580281382,622.05801922,1.669912848,247,50,"39"
2019-09-01 09:23:34,0,2,36.646695719,615.08984869,1.7139375573,268,0,"39"
2019-09-01 09:24:25,0,2,36.646695719,780.92176463,1.7139375573,268,51,"39"
2019-09-01 09:25:16,0,2,36.646695719,788.74837227,1.7139375573,268,102,"39"
2019-09-01 10:10:52,0,2,48.369237495,625.17857971,1.6869146097,284,0,"39"
2019-09-01 10:11:43,0,2,48.369237495,889.51525781,1.6869146097,284,51,"39"
2019-09-01 10:12:34,0,2,48.369237495,899.40658972,1.6869146097,284,102,"39"
2019-09-01 10:58:49,0,2,37.604841702,524.26011486,1.6988059935,304,0,"39"
2019-09-01 10:59:38,0,2,37.604841702,553.4679586,1.6988059935,304,49,"39"
2019-09-01 11:45:47,0,2,48.332633797,623.02875029,1.7053860999,331,0,"39"
2019-09-01 11:45:50,0,2,48.586815075,736.27293255,2.6616540918,331,3,"39"
2019-09-01 11:46:23,0,2,48.586815075,736.27293255,2.6616540918,331,36,"39"
2019-09-01 11:47:13,0,2,48.849181137,762.69439431,2.6616540918,331,86,"39"
2019-09-01 12:33:02,0,2,48.340785146,656.89563863,1.7209577659,347,0,"39"
2019-09-01 12:33:52,0,2,48.340785146,884.35911636,1.7209577659,347,50,"39"
2019-09-01 12:34:40,0,2,48.340785146,893.64775173,1.7209577659,347,98,"39"
2019-09-01 13:20:57,0,2,48.344198877,574.30301271,1.7274742775,373,0,"39"
2019-09-01 13:21:47,0,2,48.344198877,601.65108708,1.7274742775,373,50,"39"
2019-09-01 14:07:41,0,2,49.183577186,698.39591567,1.7274742775,399,0,"39"
2019-09-01 14:08:32,0,2,49.183577186,770.53721811,1.7274742775,399,51,"39"
2019-09-01 14:09:22,0,2,49.183577186,785.71463268,1.7274742775,399,101,"39"
2019-09-01 14:55:42,0,2,49.181623473,590.51114187,1.7238088081,423,0,"39"
2019-09-01 14:56:32,0,2,49.181623473,617.89344448,1.7238088081,423,50,"39"
2019-09-01 15:42:34,0,2,49.181623473,675.7955448,1.7238088081,447,0,"39"
2019-09-01 15:43:23,0,2,49.181623473,857.31232955,1.7238088081,447,49,"39"
2019-09-01 15:44:14,0,2,49.181623473,865.83843691,1.7238088081,447,100,"39"
2019-09-01 16:30:13,0,2,53.831844222,575.81267896,1.7238088081,468,0,"39"
2019-09-01 16:31:03,0,2,53.831844222,630.99684946,1.7238088081,468,50,"39"
2019-09-01 17:17:50,0,2,53.831844222,565.71696078,1.7238088081,498,0,"39"
2019-09-01 17:18:39,0,2,53.831844222,593.71476818,1.7238088081,498,49,"39"
2019-09-01 18:05:16,0,2,53.847497024,547.28824293,1.7506183765,523,0,"39"
2019-09-01 18:06:07,0,2,53.847497024,571.33695722,1.7506183765,523,51,"39"
2019-09-01 18:52:02,0,2,44.830238817,626.87368353,2.5944390186,541,0,"39"
2019-09-01 18:52:52,0,2,44.830238817,943.45365321,2.5944390186,541,50,"39"
2019-09-01 18:52:56,0,2,44.777603114,955.1275041,2.3871979196,541,54,"39"
2019-09-01 18:53:29,0,2,44.777603114,955.1275041,2.3871979196,541,87,"39"
2019-09-01 19:39:16,0,2,48.922033834,678.52706414,2.7760981389,570,0,"39"
2019-09-01 19:40:06,0,2,48.922033834,533.89938377,2.7760981389,570,50,"39"
2019-09-01 19:40:55,0,2,48.922033834,553.91396366,2.7760981389,570,99,"39"
2019-09-01 20:26:42,0,2,48.37359616,655.00144398,1.7668913528,587,0,"39"
2019-09-01 20:27:12,0,2,48.37359616,592.22111313,1.7668913528,587,30,"39"
2019-09-01 20:27:32,0,2,48.37359616,592.22111313,1.7668913528,587,50,"39"
2019-09-01 20:28:21,0,2,43.254412813,719.19108658,1.7668913528,587,99,"39"
2019-09-01 21:14:08,0,2,43.046572457,637.8436216,1.76386889,607,0,"39"
2019-09-01 21:14:58,0,2,43.046572457,914.43705094,1.76386889,607,50,"39"
2019-09-01 21:15:50,0,2,43.046572457,926.83827071,1.76386889,607,102,"39"
2019-09-01 22:01:49,0,2,43.046572457,550.68868035,1.76386889,624,0,"39"
2019-09-01 22:02:39,0,2,43.046572457,621.93751898,1.76386889,624,50,"39"
2019-09-01 22:49:28,0,2,43.046572457,523.49873217,1.76386889,654,0,"39"
2019-09-01 22:50:19,0,2,43.046572457,553.21376706,1.76386889,654,51,"39"
2019-09-01 23:36:42,0,2,38.149347118,532.27113482,1.7556555475,684,0,"39"
2019-09-01 23:37:33,0,2,38.149347118,578.45745382,1.7556555475,684,51,"39"
2019-09-01 00:45:20,0,3,47.18627795,503.33004515,1.596613639,5,0,"50"
2019-09-01 00:46:10,0,3,47.18627795,623.10134165,1.596613639,5,50,"50"
2019-09-01 01:32:21,0,3,43.204940926,551.11768517,1.596613639,24,0,"50"
2019-09-01 01:33:10,0,3,43.204940926,921.21442395,1.596613639,24,49,"50"
2019-09-01 02:19:52,0,3,46.636873332,505.96389387,2.3675587929,51,0,"50"
2019-09-01 02:20:42,0,3,46.636873332,743.80006394,2.3675587929,51,50,"50"
2019-09-01 03:07:29,0,3,35.512883581,489.84493811,1.5436496614,81,0,"50"
2019-09-01 03:08:19,0,3,35.512883581,609.77325527,1.5436496614,81,50,"50"
2019-09-01 03:54:12,0,3,49.035595008,597.74141959,2.7344975914,101,0,"50"
2019-09-01 03:55:03,0,3,49.035595008,507.58814657,2.7344975914,101,51,"50"
2019-09-01 03:55:53,0,3,49.035595008,583.30193017,2.7344975914,101,101,"50"
2019-09-01 04:42:00,0,3,49.035595008,529.29953954,2.7344975914,119,0,"50"
2019-09-01 04:42:50,0,3,49.035595008,767.72033733,2.7344975914,119,50,"50"
2019-09-01 05:29:37,0,3,48.381128253,507.09849908,1.5221790026,149,0,"50"
2019-09-01 05:30:25,0,3,48.381128253,628.47483711,1.5221790026,149,48,"50"
2019-09-01 06:17:02,0,3,44.95382173,511.20432212,2.4261602801,179,0,"50"
2019-09-01 06:17:52,0,3,44.95382173,624.40976464,2.4261602801,179,50,"50"
2019-09-01 07:03:56,0,3,44.95382173,573.26827149,2.4261602801,199,0,"50"
2019-09-01 07:04:48,0,3,44.95382173,1052.3957653,2.4261602801,199,52,"50"
2019-09-01 07:05:37,0,3,44.95382173,1100.9431587,2.4261602801,199,101,"50"
2019-09-01 07:51:31,0,3,44.95382173,526.42601169,2.4261602801,219,0,"50"
2019-09-01 07:52:22,0,3,44.95382173,769.38306538,2.4261602801,219,51,"50"
2019-09-01 08:38:50,0,3,44.580281382,554.29653107,1.669912848,249,0,"50"
2019-09-01 08:39:39,0,3,44.580281382,863.75116176,1.669912848,249,49,"50"
2019-09-01 09:26:05,0,3,36.646695719,557.02637695,1.7139375573,269,0,"50"
2019-09-01 09:26:54,0,3,36.646695719,1023.1478853,1.7139375573,269,49,"50"
2019-09-01 09:27:46,0,3,36.646695719,1074.0008941,1.7139375573,269,101,"50"
2019-09-01 10:13:22,0,3,48.369237495,558.42758207,1.6869146097,285,0,"50"
2019-09-01 10:14:12,0,3,48.369237495,1152.0158544,1.6869146097,285,50,"50"
2019-09-01 10:15:03,0,3,48.369237495,1213.1713333,1.6869146097,285,101,"50"
2019-09-01 11:01:21,0,3,37.604841702,497.94957225,1.6988059935,306,0,"50"
2019-09-01 11:02:10,0,3,37.604841702,598.12579298,1.6988059935,306,49,"50"
2019-09-01 11:48:03,0,3,48.849181137,595.63546908,2.6616540918,332,0,"50"
2019-09-01 11:48:52,0,3,48.849181137,741.46721314,2.6616540918,332,49,"50"
2019-09-01 11:49:44,0,3,48.849181137,814.00357797,2.6616540918,332,101,"50"
2019-09-01 12:35:30,0,3,48.340785146,594.08872581,1.7209577659,348,0,"50"
2019-09-01 12:36:19,0,3,48.340785146,1177.8187929,1.7209577659,348,49,"50"
2019-09-01 12:37:11,0,3,48.340785146,1238.5125711,1.7209577659,348,101,"50"
2019-09-01 12:37:14,0,3,48.614461147,634.95368593,2.7482841574,348,104,"50"
2019-09-01 13:23:28,0,3,48.344198877,546.86820899,1.7274742775,375,0,"50"
2019-09-01 13:24:17,0,3,48.344198877,649.50810204,1.7274742775,375,49,"50"
2019-09-01 14:10:12,0,3,49.183577186,628.52588166,1.7274742775,400,0,"50"
2019-09-01 14:11:01,0,3,49.183577186,824.51463678,1.7274742775,400,49,"50"
2019-09-01 14:11:50,0,3,49.183577186,895.51925958,1.7274742775,400,98,"50"
2019-09-01 14:58:11,0,3,49.181623473,562.39814199,1.7238088081,425,0,"50"
2019-09-01 14:59:01,0,3,49.181623473,681.67295784,1.7238088081,425,50,"50"
2019-09-01 15:45:02,0,3,49.181623473,610.80334681,1.7238088081,448,0,"50"
2019-09-01 15:45:52,0,3,49.181623473,1193.3018626,1.7238088081,448,50,"50"
2019-09-01 15:46:43,0,3,49.181623473,1251.5219745,1.7238088081,448,101,"50"
2019-09-01 16:32:43,0,3,53.831844222,542.8331743,1.7238088081,470,0,"50"
2019-09-01 16:33:33,0,3,53.831844222,768.74683147,1.7238088081,470,50,"50"
2019-09-01 17:20:20,0,3,53.831844222,536.98489626,1.7238088081,500,0,"50"
2019-09-01 17:21:10,0,3,53.831844222,646.74740397,1.7238088081,500,50,"50"
2019-09-01 18:07:49,0,3,53.847497024,519.01926819,1.7506183765,525,0,"50"
2019-09-01 18:08:38,0,3,53.847497024,608.81795873,1.7506183765,525,49,"50"
2019-09-01 18:55:09,0,3,44.725326547,513.89681456,2.3871979196,543,0,"50"
2019-09-01 18:56:00,0,3,44.725326547,614.79486608,2.3871979196,543,51,"50"
2019-09-01 18:56:04,0,3,44.823721931,672.53134791,2.7760981389,543,55,"50"
2019-09-01 19:42:35,0,3,48.922033834,506.74824145,2.7760981389,572,0,"50"
2019-09-01 19:43:26,0,3,48.922033834,594.85534109,2.7760981389,572,51,"50"
2019-09-01 20:29:12,0,3,43.254412813,580.25956668,1.7668913528,588,0,"50"
2019-09-01 20:30:03,0,3,43.254412813,531.90576289,1.7668913528,588,51,"50"
2019-09-01 20:30:53,0,3,43.254412813,603.37595999,1.7668913528,588,101,"50"
2019-09-01 21:16:41,0,3,43.046572457,568.66312159,1.76386889,608,0,"50"
2019-09-01 21:17:30,0,3,43.046572457,1162.0066317,1.76386889,608,49,"50"
2019-09-01 21:18:20,0,3,43.046572457,1224.1766577,1.76386889,608,99,"50"
2019-09-01 22:04:20,0,3,43.046572457,508.77909914,1.76386889,626,0,"50"
2019-09-01 22:05:10,0,3,43.046572457,778.44505396,1.76386889,626,50,"50"
2019-09-01 22:51:59,0,3,43.046572457,494.22162319,1.76386889,656,0,"50"
2019-09-01 22:52:49,0,3,43.046572457,616.52589153,1.76386889,656,50,"50"
2019-09-01 23:39:12,0,3,38.149347118,501.28470847,1.7556555475,686,0,"50"
2019-09-01 23:40:02,0,3,38.149347118,690.88023459,1.7556555475,686,50,"50"
2019-09-01 00:47:52,0,4,47.18627795,511.15002828,1.596613639,7,0,"56"
2019-09-01 00:48:42,0,4,47.18627795,758.28722609,1.596613639,7,50,"56"
2019-09-01 01:34:53,0,4,43.204940926,574.35114568,1.596613639,26,0,"56"
2019-09-01 01:35:43,0,4,43.204940926,1055.9510452,1.596613639,26,50,"56"
2019-09-01 02:22:24,0,4,46.636873332,517.7195456,2.3675587929,53,0,"56"
2019-09-01 02:23:13,0,4,46.636873332,892.33727428,2.3675587929,53,49,"56"
2019-09-01 03:10:00,0,4,35.512883581,499.61360614,1.5436496614,83,0,"56"
2019-09-01 03:10:50,0,4,35.512883581,759.26743049,1.5436496614,83,50,"56"
2019-09-01 03:56:44,0,4,49.035595008,633.98900552,2.7344975914,102,0,"56"
2019-09-01 03:57:36,0,4,49.035595008,588.59387853,2.7344975914,102,52,"56"
2019-09-01 03:58:27,0,4,49.035595008,775.45806115,2.7344975914,102,103,"56"
2019-09-01 04:44:31,0,4,49.035595008,538.79764084,2.7344975914,121,0,"56"
2019-09-01 04:45:22,0,4,49.035595008,931.12412919,2.7344975914,121,51,"56"
2019-09-01 05:32:07,0,4,48.381128253,519.19799426,1.5221790026,151,0,"56"
2019-09-01 05:32:11,0,4,48.618999807,782.84158435,2.4261602801,151,4,"56"
2019-09-01 05:32:44,0,4,48.618999807,782.84158435,2.4261602801,151,37,"56"
2019-09-01 06:19:33,0,4,44.95382173,521.89401927,2.4261602801,181,0,"56"
2019-09-01 06:20:23,0,4,44.95382173,763.80735589,2.4261602801,181,50,"56"
2019-09-01 07:06:27,0,4,44.95382173,600.05341597,2.4261602801,200,0,"56"
2019-09-01 07:07:16,0,4,44.95382173,1202.0642016,2.4261602801,200,49,"56"
2019-09-01 07:08:07,0,4,44.95382173,1353.437108,2.4261602801,200,100,"56"
2019-09-01 07:54:01,0,4,44.95382173,539.83324055,2.4261602801,221,0,"56"
2019-09-01 07:54:51,0,4,44.95382173,948.20973838,2.4261602801,221,50,"56"
2019-09-01 08:41:19,0,4,44.580281382,583.02733568,1.669912848,251,0,"56"
2019-09-01 08:42:11,0,4,44.580281382,1046.2833313,1.669912848,251,52,"56"
2019-09-01 09:28:37,0,4,36.646695719,584.1981987,1.7139375573,270,0,"56"
2019-09-01 09:29:26,0,4,36.646695719,1153.7168523,1.7139375573,270,49,"56"
2019-09-01 09:30:16,0,4,36.646695719,1302.0677358,1.7139375573,270,99,"56"
2019-09-01 10:15:53,0,4,48.369237495,592.54891263,1.6869146097,287,0,"56"
2019-09-01 10:16:41,0,4,37.600004736,1313.8663013,1.6869146097,287,48,"56"
2019-09-01 10:17:31,0,4,37.600004736,1539.6629404,1.6869146097,287,98,"56"
2019-09-01 11:03:51,0,4,37.604841702,507.0340027,1.6988059935,308,0,"56"
2019-09-01 11:04:41,0,4,37.604841702,749.44807832,1.6988059935,308,50,"56"
2019-09-01 11:50:35,0,4,48.849181137,636.71994644,2.6616540918,333,0,"56"
2019-09-01 11:51:24,0,4,48.849181137,1339.7723039,2.6616540918,333,49,"56"
2019-09-01 11:52:14,0,4,48.849181137,1529.7238704,2.6616540918,333,99,"56"
2019-09-01 12:38:36,0,4,48.897610533,538.05715305,2.7482841574,350,0,"56"
2019-09-01 12:39:26,0,4,48.897610533,790.84016678,2.7482841574,350,50,"56"
2019-09-01 13:25:58,0,4,48.344198877,555.82689766,1.7274742775,377,0,"56"
2019-09-01 13:26:48,0,4,48.344198877,805.86560421,1.7274742775,377,50,"56"
2019-09-01 14:12:39,0,4,49.183577186,669.56994136,1.7274742775,401,0,"56"
2019-09-01 14:13:30,0,4,49.183577186,605.82973976,1.7274742775,401,51,"56"
2019-09-01 14:14:18,0,4,49.183577186,807.48140283,1.7274742775,401,99,"56"
2019-09-01 15:00:40,0,4,49.181623473,573.37815838,1.7238088081,427,0,"56"
2019-09-01 15:01:30,0,4,49.181623473,845.27475539,1.7238088081,427,50,"56"
2019-09-01 15:47:33,0,4,49.181623473,643.39878187,1.7238088081,449,0,"56"
2019-09-01 15:48:24,0,4,49.181623473,1375.5475548,1.7238088081,449,51,"56"
2019-09-01 15:49:15,0,4,49.181623473,1541.1792573,1.7238088081,449,102,"56"
2019-09-01 16:35:12,0,4,53.831844222,557.08229378,1.7238088081,472,0,"56"
2019-09-01 16:36:01,0,4,53.831844222,958.60568141,1.7238088081,472,49,"56"
2019-09-01 17:22:50,0,4,53.831844222,546.15371074,1.7238088081,502,0,"56"
2019-09-01 17:23:40,0,4,53.831844222,806.14644786,1.7238088081,502,50,"56"
2019-09-01 18:09:29,0,4,53.847497024,663.74818448,1.7506183765,526,0,"56"
2019-09-01 18:10:20,0,4,53.847497024,528.12895145,1.7506183765,526,51,"56"
2019-09-01 18:11:10,0,4,53.847497024,745.25791041,1.7506183765,526,101,"56"
2019-09-01 18:57:28,0,4,44.923388507,525.858548,2.7760981389,545,0,"56"
2019-09-01 18:58:17,0,4,44.923388507,867.23445247,2.7760981389,545,49,"56"
2019-09-01 19:45:05,0,4,48.922033834,515.91757512,2.7760981389,573,0,"56"
2019-09-01 19:45:56,0,4,48.922033834,746.51178516,2.7760981389,573,51,"56"
2019-09-01 20:31:43,0,4,43.254412813,616.94422339,1.7668913528,589,0,"56"
2019-09-01 20:32:34,0,4,43.254412813,618.6062319,1.7668913528,589,51,"56"
2019-09-01 20:33:24,0,4,43.254412813,814.99042834,1.7668913528,589,101,"56"
2019-09-01 21:19:11,0,4,43.046572457,601.315091,1.76386889,609,0,"56"
2019-09-01 21:20:02,0,4,43.046572457,1399.7791807,1.76386889,609,51,"56"
2019-09-01 21:20:51,0,4,43.046572457,1574.2296259,1.76386889,609,100,"56"
2019-09-01 22:06:50,0,4,43.046572457,523.81707716,1.76386889,628,0,"56"
2019-09-01 22:07:39,0,4,43.046572457,956.54240064,1.76386889,628,49,"56"
2019-09-01 22:54:28,0,4,43.046572457,505.55276414,1.76386889,658,0,"56"
2019-09-01 22:55:19,0,4,43.046572457,784.32670233,1.76386889,658,51,"56"
2019-09-01 22:55:22,0,4,43.211800356,924.90416941,2.4625427751,658,54,"56"
2019-09-01 23:41:42,0,4,38.149347118,513.89799726,1.7556555475,688,0,"56"
2019-09-01 23:42:31,0,4,38.149347118,875.51225171,1.7556555475,688,49,"56"
2019-09-01 00:50:23,0,5,47.18627795,578.56062499,1.596613639,9,0,"27"
2019-09-01 00:51:14,0,5,47.18627795,692.89662758,1.596613639,9,51,"27"
2019-09-01 01:37:23,0,5,43.204940926,717.32151169,1.596613639,28,0,"27"
2019-09-01 01:38:13,0,5,43.204940926,982.49072761,1.596613639,28,50,"27"
2019-09-01 02:24:55,0,5,46.636873332,606.49146648,2.3675587929,55,0,"27"
2019-09-01 02:25:45,0,5,46.636873332,791.14333111,2.3675587929,55,50,"27"
2019-09-01 03:12:31,0,5,35.512883581,570.96306004,1.5436496614,85,0,"27"
2019-09-01 03:13:21,0,5,35.512883581,687.5949947,1.5436496614,85,50,"27"
2019-09-01 03:59:17,0,5,49.035595008,810.64074953,2.7344975914,103,0,"27"
2019-09-01 04:00:05,0,5,49.035595008,1416.422025,2.7344975914,103,48,"27"
2019-09-01 04:00:56,0,5,49.035595008,1504.2462541,2.7344975914,103,99,"27"
2019-09-01 04:47:02,0,5,49.035595008,626.61121549,2.7344975914,123,0,"27"
2019-09-01 04:47:53,0,5,49.035595008,825.60588113,2.7344975914,123,51,"27"
2019-09-01 05:34:23,0,5,48.864122884,628.98584228,2.4261602801,153,0,"27"
2019-09-01 05:35:13,0,5,48.864122884,843.60208614,2.4261602801,153,50,"27"
2019-09-01 06:22:06,0,5,44.95382173,590.11879989,2.4261602801,183,0,"27"
2019-09-01 06:22:55,0,5,44.95382173,693.49899869,2.4261602801,183,49,"27"
2019-09-01 07:08:57,0,5,44.95382173,763.83715648,2.4261602801,201,0,"27"
2019-09-01 07:09:46,0,5,44.95382173,1118.6643768,2.4261602801,201,49,"27"
2019-09-01 07:10:36,0,5,44.95382173,1187.3075107,2.4261602801,201,99,"27"
2019-09-01 07:56:32,0,5,44.95382173,632.45079687,2.4261602801,223,0,"27"
2019-09-01 07:57:21,0,5,44.95382173,847.33548097,2.4261602801,223,49,"27"
2019-09-01 08:43:50,0,5,44.580281382,651.43389895,1.669912848,253,0,"27"
2019-09-01 08:44:41,0,5,44.580281382,907.26903364,1.669912848,253,51,"27"
2019-09-01 09:31:07,0,5,36.646695719,742.05263899,1.7139375573,271,0,"27"
2019-09-01 09:31:59,0,5,36.646695719,1061.524721,1.7139375573,271,52,"27"
2019-09-01 09:32:04,0,5,36.781918138,1126.3016063,2.3877363898,271,57,"27"
2019-09-01 09:32:37,0,5,36.781918138,1126.3016063,2.3877363898,271,90,"27"
2019-09-01 10:18:21,0,5,37.600004736,776.79801426,1.6869146097,288,0,"27"
2019-09-01 10:19:10,0,5,37.600004736,1384.1070434,1.6869146097,288,49,"27"
2019-09-01 10:19:59,0,5,37.600004736,1467.9875801,1.6869146097,288,98,"27"
2019-09-01 11:06:19,0,5,37.604841702,576.72422862,1.6988059935,310,0,"27"
2019-09-01 11:07:09,0,5,37.604841702,701.55252341,1.6988059935,310,50,"27"
2019-09-01 11:53:04,0,5,48.849181137,824.53764895,2.6616540918,334,0,"27"
2019-09-01 11:53:54,0,5,48.849181137,1368.8672169,2.6616540918,334,50,"27"
2019-09-01 11:54:44,0,5,48.849181137,1456.2089708,2.6616540918,334,100,"27"
2019-09-01 12:41:06,0,5,48.897610533,616.80664572,2.7482841574,352,0,"27"
2019-09-01 12:41:56,0,5,48.897610533,736.98439568,2.7482841574,352,50,"27"
2019-09-01 13:28:27,0,5,48.344198877,626.97169602,1.7274742775,379,0,"27"
2019-09-01 13:29:18,0,5,48.344198877,750.68870878,1.7274742775,379,51,"27"
2019-09-01 14:15:07,0,5,49.183577186,877.23256567,1.7274742775,402,0,"27"
2019-09-01 14:15:58,0,5,49.183577186,625.28799566,1.7274742775,402,51,"27"
2019-09-01 14:16:49,0,5,49.183577186,720.72742303,1.7274742775,402,102,"27"
2019-09-01 15:03:11,0,5,49.181623473,649.12529113,1.7238088081,429,0,"27"
2019-09-01 15:04:00,0,5,49.181623473,778.22724937,1.7238088081,429,49,"27"
2019-09-01 15:50:06,0,5,49.181623473,813.98675531,1.7238088081,450,0,"27"
2019-09-01 15:50:56,0,5,49.181623473,1191.6155727,1.7238088081,450,50,"27"
2019-09-01 15:51:45,0,5,49.181623473,1258.3328657,1.7238088081,450,99,"27"
2019-09-01 16:37:42,0,5,53.831844222,654.44872646,1.7238088081,474,0,"27"
2019-09-01 16:38:31,0,5,53.831844222,869.77888876,1.7238088081,474,49,"27"
2019-09-01 17:25:19,0,5,53.831844222,618.42364473,1.7238088081,504,0,"27"
2019-09-01 17:26:09,0,5,53.831844222,752.42586837,1.7238088081,504,50,"27"
2019-09-01 18:12:01,0,5,53.847497024,865.83186223,1.7506183765,527,0,"27"
2019-09-01 18:12:51,0,5,53.847497024,593.33834656,1.7506183765,527,50,"27"
2019-09-01 18:13:42,0,5,53.847497024,691.73469057,1.7506183765,527,101,"27"
2019-09-01 18:59:59,0,5,44.923388507,621.20813949,2.7760981389,547,0,"27"
2019-09-01 19:00:49,0,5,44.923388507,781.55641169,2.7760981389,547,50,"27"
2019-09-01 19:46:47,0,5,48.922033834,869.9069696,2.7760981389,574,0,"27"
2019-09-01 19:47:37,0,5,48.922033834,592.64527059,2.7760981389,574,50,"27"
2019-09-01 19:48:26,0,5,48.922033834,692.27017565,2.7760981389,574,99,"27"
2019-09-01 20:34:13,0,5,43.254412813,812.95204001,1.7668913528,590,0,"27"
2019-09-01 20:35:03,0,5,43.254412813,771.84425092,1.7668913528,590,50,"27"
2019-09-01 20:35:55,0,5,43.254412813,863.1951411,1.7668913528,590,102,"27"
2019-09-01 21:21:41,0,5,43.046572457,782.07784697,1.76386889,610,0,"27"
2019-09-01 21:22:30,0,5,43.046572457,1381.7155631,1.76386889,610,49,"27"
2019-09-01 21:23:21,0,5,43.046572457,1463.7615291,1.76386889,610,100,"27"
2019-09-01 22:09:20,0,5,43.046572457,636.13342386,1.76386889,630,0,"27"
2019-09-01 22:10:11,0,5,43.046572457,871.08926256,1.76386889,630,51,"27"
2019-09-01 22:56:47,0,5,43.380901777,590.26946881,2.4625427751,660,0,"27"
2019-09-01 22:57:37,0,5,43.380901777,815.5417874,2.4625427751,660,50,"27"
2019-09-01 23:44:12,0,5,38.149347118,605.21364993,1.7556555475,690,0,"27"
2019-09-01 23:45:00,0,5,38.149347118,788.91862012,1.7556555475,690,48,"27"
2019-09-01 00:52:54,0,6,47.18627795,561.17699972,1.596613639,11,0,"44"
2019-09-01 00:53:46,0,6,47.18627795,612.72048086,1.596613639,11,52,"44"
2019-09-01 01:39:54,0,6,43.204940926,673.99674488,1.596613639,30,0,"44"
2019-09-01 01:40:45,0,6,43.204940926,846.90553155,1.596613639,30,51,"44"
2019-09-01 02:27:26,0,6,46.636873332,577.84316294,2.3675587929,57,0,"44"
2019-09-01 02:28:16,0,6,46.636873332,689.44135513,2.3675587929,57,50,"44"
2019-09-01 03:15:04,0,6,35.512883581,554.90404886,1.5436496614,87,0,"44"
2019-09-01 03:15:54,0,6,35.512883581,604.92183327,1.5436496614,87,50,"44"
2019-09-01 04:01:46,0,6,49.035595008,761.14587687,2.7344975914,104,0,"44"
2019-09-01 04:02:35,0,6,49.035595008,957.20457093,2.7344975914,104,49,"44"
2019-09-01 04:03:25,0,6,49.035595008,988.09558345,2.7344975914,104,99,"44"
2019-09-01 04:49:34,0,6,49.035595008,599.93196688,2.7344975914,125,0,"44"
2019-09-01 04:50:24,0,6,49.035595008,714.02545211,2.7344975914,125,50,"44"
2019-09-01 05:36:53,0,6,48.864122884,605.60934001,2.4261602801,155,0,"44"
2019-09-01 05:37:43,0,6,48.864122884,741.96423624,2.4261602801,155,50,"44"
2019-09-01 06:24:35,0,6,44.95382173,575.19785939,2.4261602801,185,0,"44"
2019-09-01 06:25:26,0,6,44.95382173,627.71244367,2.4261602801,185,51,"44"
2019-09-01 07:11:25,0,6,44.95382173,728.0198248,2.4261602801,202,0,"44"
2019-09-01 07:12:14,0,6,44.95382173,1030.929034,2.4261602801,202,49,"44"
2019-09-01 07:13:05,0,6,44.95382173,1050.0342651,2.4261602801,202,100,"44"
2019-09-01 07:59:03,0,6,44.95382173,610.58763101,2.4261602801,225,0,"44"
2019-09-01 07:59:53,0,6,44.95382173,731.12461298,2.4261602801,225,50,"44"
2019-09-01 08:46:21,0,6,44.580281382,613.07803437,1.669912848,255,0,"44"
2019-09-01 08:47:11,0,6,44.580281382,777.480552,1.669912848,255,50,"44"
2019-09-01 09:33:26,0,6,36.920198645,713.7853175,2.3877363898,272,0,"44"
2019-09-01 09:34:16,0,6,36.920198645,1033.2772552,2.3877363898,272,50,"44"
2019-09-01 09:35:06,0,6,36.920198645,1061.6852489,2.3877363898,272,100,"44"
2019-09-01 10:20:50,0,6,37.600004736,735.54434444,1.6869146097,289,0,"44"
2019-09-01 10:21:41,0,6,37.600004736,1079.9318043,1.6869146097,289,51,"44"
2019-09-01 10:22:30,0,6,37.600004736,1103.7646416,1.6869146097,289,100,"44"
2019-09-01 11:08:49,0,6,37.604841702,566.35661767,1.6988059935,312,0,"44"
2019-09-01 11:09:39,0,6,37.604841702,627.62721817,1.6988059935,312,50,"44"
2019-09-01 11:55:33,0,6,48.849181137,775.03145257,2.6616540918,335,0,"44"
2019-09-01 11:56:24,0,6,48.849181137,750.56125176,2.6616540918,335,51,"44"
2019-09-01 11:57:15,0,6,48.849181137,779.66294692,2.6616540918,335,102,"44"
2019-09-01 12:43:36,0,6,48.897610533,606.25545529,2.7482841574,354,0,"44"
2019-09-01 12:44:26,0,6,48.897610533,658.32189292,2.7482841574,354,50,"44"
2019-09-01 13:31:00,0,6,48.344198877,613.86384966,1.7274742775,381,0,"44"
2019-09-01 13:31:49,0,6,48.344198877,663.77173764,1.7274742775,381,49,"44"
2019-09-01 14:17:39,0,6,49.183577186,825.90517261,1.7274742775,403,0,"44"
2019-09-01 14:17:45,0,6,49.462827975,667.34297133,2.7573478865,403,6,"44"
2019-09-01 14:18:18,0,6,49.462827975,667.34297133,2.7573478865,403,39,"44"
2019-09-01 14:19:07,0,6,49.75176869,753.56045925,2.7573478865,403,88,"44"
2019-09-01 15:05:41,0,6,49.181623473,634.98428522,1.7238088081,431,0,"44"
2019-09-01 15:06:32,0,6,49.181623473,697.70015091,1.7238088081,431,51,"44"
2019-09-01 15:52:37,0,6,49.181623473,762.66320216,1.7238088081,451,0,"44"
2019-09-01 15:53:27,0,6,49.181623473,1050.4934013,1.7238088081,451,50,"44"
2019-09-01 15:54:15,0,6,49.181623473,1064.7270017,1.7238088081,451,98,"44"
2019-09-01 16:40:13,0,6,53.831844222,634.72471867,1.7238088081,476,0,"44"
2019-09-01 16:41:02,0,6,53.831844222,765.86570297,1.7238088081,476,49,"44"
2019-09-01 17:27:50,0,6,53.831844222,605.42516451,1.7238088081,506,0,"44"
2019-09-01 17:28:41,0,6,53.831844222,667.79349811,1.7238088081,506,51,"44"
2019-09-01 18:14:33,0,6,53.847497024,799.23353004,1.7506183765,528,0,"44"
2019-09-01 18:15:23,0,6,53.847497024,641.6972487,1.7506183765,528,50,"44"
2019-09-01 18:16:15,0,6,53.847497024,678.95698091,1.7506183765,528,102,"44"
2019-09-01 19:02:29,0,6,44.923388507,599.81367755,2.7760981389,549,0,"44"
2019-09-01 19:03:20,0,6,44.923388507,688.71395225,2.7760981389,549,51,"44"
2019-09-01 19:49:17,0,6,48.922033834,796.95512181,2.7760981389,575,0,"44"
2019-09-01 19:50:08,0,6,48.922033834,588.68728186,2.7760981389,575,51,"44"
2019-09-01 19:50:57,0,6,48.922033834,624.64277472,2.7760981389,575,100,"44"
2019-09-01 20:36:46,0,6,43.254412813,761.12997891,1.7668913528,591,0,"44"
2019-09-01 20:37:35,0,6,43.254412813,1110.8728248,1.7668913528,591,49,"44"
2019-09-01 20:38:25,0,6,43.254412813,1142.8823736,1.7668913528,591,99,"44"
2019-09-01 20:38:31,0,6,43.457718187,653.0015133,2.6201020961,591,105,"44"
2019-09-01 21:24:12,0,6,43.046572457,741.39664029,1.76386889,611,0,"44"
2019-09-01 21:25:01,0,6,43.046572457,1112.6926263,1.76386889,611,49,"44"
2019-09-01 21:25:52,0,6,43.046572457,1138.9249186,1.76386889,611,100,"44"
2019-09-01 22:11:51,0,6,43.046572457,595.4737371,1.76386889,632,0,"44"
2019-09-01 22:12:41,0,6,43.046572457,747.36534345,1.76386889,632,50,"44"
2019-09-01 22:59:18,0,6,43.380901777,592.46904227,2.4625427751,662,0,"44"
2019-09-01 23:00:08,0,6,43.380901777,715.3720268,2.4625427751,662,50,"44"
2019-09-01 23:46:41,0,6,38.149347118,586.56871209,1.7556555475,692,0,"44"
2019-09-01 23:47:30,0,6,38.149347118,702.0953979,1.7556555475,692,49,"44"
2019-09-01 00:55:27,0,7,47.18627795,514.17338517,1.596613639,12,0,"16"
2019-09-01 00:56:16,0,7,47.18627795,685.78509506,1.596613639,12,49,"16"
2019-09-01 01:42:15,0,7,43.20621044,545.73309707,1.6020750752,32,0,"16"
2019-09-01 01:43:03,0,7,43.207480187,1314.9984603,1.6020750752,32,48,"16"
2019-09-01 01:43:54,0,7,43.207480187,1480.1520002,1.6020750752,32,99,"16"
2019-09-01 02:29:55,0,7,46.636873332,524.98827588,2.3675587929,59,0,"16"
2019-09-01 02:30:46,0,7,46.636873332,857.3477758,2.3675587929,59,51,"16"
2019-09-01 03:17:35,0,7,35.512883581,507.89652314,1.5436496614,89,0,"16"
2019-09-01 03:18:26,0,7,35.512883581,680.57699884,1.5436496614,89,51,"16"
2019-09-01 04:04:16,0,7,49.035595008,654.29529423,2.7344975914,105,0,"16"
2019-09-01 04:05:06,0,7,49.035595008,1413.2441327,2.7344975914,105,50,"16"
2019-09-01 04:05:56,0,7,49.035595008,1552.6800934,2.7344975914,105,100,"16"
2019-09-01 04:52:06,0,7,49.035595008,546.50523675,2.7344975914,127,0,"16"
2019-09-01 04:52:55,0,7,49.035595008,838.52363584,2.7344975914,127,49,"16"
2019-09-01 05:39:22,0,7,48.864122884,553.186526,2.4261602801,157,0,"16"
2019-09-01 05:40:11,0,7,48.864122884,943.7186583,2.4261602801,157,49,"16"
2019-09-01 06:27:05,0,7,44.95382173,530.13287696,2.4261602801,187,0,"16"
2019-09-01 06:27:56,0,7,44.95382173,711.66621661,2.4261602801,187,51,"16"
2019-09-01 07:13:54,0,7,44.95382173,634.86118375,2.4261602801,203,0,"16"
2019-09-01 07:14:44,0,7,44.95382173,1407.7697021,2.4261602801,203,50,"16"
2019-09-01 07:15:35,0,7,44.95382173,1520.749339,2.4261602801,203,101,"16"
2019-09-01 08:01:33,0,7,44.95382173,552.49861618,2.4261602801,227,0,"16"
2019-09-01 08:02:23,0,7,44.95382173,916.61932828,2.4261602801,227,50,"16"
2019-09-01 08:48:39,0,7,44.590890914,575.85794902,1.7139375573,257,0,"16"
2019-09-01 08:49:29,0,7,44.601516025,1367.8945968,1.7139375573,257,50,"16"
2019-09-01 08:50:19,0,7,44.601516025,1512.3617467,1.7139375573,257,100,"16"
2019-09-01 09:35:55,0,7,36.920198645,642.19776297,2.3877363898,273,0,"16"
2019-09-01 09:36:44,0,7,36.920198645,907.69128972,2.3877363898,273,49,"16"
2019-09-01 09:37:35,0,7,36.920198645,1052.5542755,2.3877363898,273,100,"16"
2019-09-01 10:23:20,0,7,37.600004736,626.4934205,1.6869146097,290,0,"16"
2019-09-01 10:24:10,0,7,37.600004736,1470.7927823,1.6869146097,290,50,"16"
2019-09-01 10:25:00,0,7,37.600004736,1601.274338,1.6869146097,290,100,"16"
2019-09-01 11:11:20,0,7,37.604841702,520.64695168,1.6988059935,314,0,"16"
2019-09-01 11:12:09,0,7,37.604841702,709.93004657,1.6988059935,314,49,"16"
2019-09-01 11:58:05,0,7,48.849181137,665.20168194,2.6616540918,336,0,"16"
2019-09-01 11:58:54,0,7,48.849181137,1497.4444393,2.6616540918,336,49,"16"
2019-09-01 11:59:44,0,7,48.849181137,1635.8487005,2.6616540918,336,99,"16"
2019-09-01 12:46:08,0,7,48.897610533,559.74588626,2.7482841574,356,0,"16"
2019-09-01 12:46:59,0,7,48.897610533,736.4103233,2.7482841574,356,51,"16"
2019-09-01 13:33:28,0,7,48.344198877,567.26074691,1.7274742775,383,0,"16"
2019-09-01 13:34:17,0,7,48.344198877,757.6204168,1.7274742775,383,49,"16"
2019-09-01 14:20:48,0,7,49.75176869,588.61190018,2.7573478865,405,0,"16"
2019-09-01 14:21:38,0,7,49.75176869,799.47924499,2.7573478865,405,50,"16"
2019-09-01 15:08:12,0,7,49.181623473,584.87855478,1.7238088081,433,0,"16"
2019-09-01 15:09:03,0,7,49.181623473,787.60806171,1.7238088081,433,51,"16"
2019-09-01 15:55:05,0,7,49.181623473,662.6074796,1.7238088081,452,0,"16"
2019-09-01 15:55:54,0,7,49.181623473,1402.9133053,1.7238088081,452,49,"16"
2019-09-01 15:56:46,0,7,49.181623473,1513.0868741,1.7238088081,452,101,"16"
2019-09-01 16:42:42,0,7,53.831844222,580.66620721,1.7238088081,478,0,"16"
2019-09-01 16:43:33,0,7,53.831844222,955.95685637,1.7238088081,478,51,"16"
2019-09-01 17:30:22,0,7,53.831844222,556.22752076,1.7238088081,508,0,"16"
2019-09-01 17:31:12,0,7,53.831844222,741.48792409,1.7238088081,508,50,"16"
2019-09-01 18:17:05,0,7,53.847497024,680.0462165,1.7506183765,529,0,"16"
2019-09-01 18:17:55,0,7,53.847497024,974.11685217,1.7506183765,529,50,"16"
2019-09-01 18:18:45,0,7,53.847497024,1110.0963345,1.7506183765,529,100,"16"
2019-09-01 19:05:00,0,7,44.923388507,547.08165507,2.7760981389,551,0,"16"
2019-09-01 19:05:50,0,7,44.923388507,807.04377818,2.7760981389,551,50,"16"
2019-09-01 19:51:46,0,7,48.922033834,675.89069696,2.7760981389,576,0,"16"
2019-09-01 19:52:38,0,7,48.922033834,543.59387484,2.7760981389,576,52,"16"
2019-09-01 19:53:28,0,7,48.922033834,697.05364467,2.7760981389,576,102,"16"
2019-09-01 20:39:56,0,7,43.666853882,517.62665617,2.6201020961,593,0,"16"
2019-09-01 20:40:46,0,7,43.666853882,702.4181717,2.6201020961,593,50,"16"
2019-09-01 21:26:43,0,7,43.046572457,636.29496047,1.76386889,612,0,"16"
2019-09-01 21:27:30,0,7,43.046572457,1439.5933045,1.76386889,612,47,"16"
2019-09-01 21:28:21,0,7,43.046572457,1563.2165826,1.76386889,612,98,"16"
2019-09-01 22:14:21,0,7,43.046572457,541.30857108,1.76386889,634,0,"16"
2019-09-01 22:15:10,0,7,43.046572457,934.97413766,1.76386889,634,49,"16"
2019-09-01 23:01:47,0,7,43.380901777,539.57265259,2.4625427751,664,0,"16"
2019-09-01 23:02:37,0,7,43.380901777,880.72825123,2.4625427751,664,50,"16"
2019-09-01 23:49:11,0,7,38.149347118,534.49277257,1.7556555475,694,0,"16"
2019-09-01 23:50:02,0,7,38.149347118,854.3785645,1.7556555475,694,51,"16"
2019-09-01 00:57:08,0,8,47.18627795,783.45055637,1.596613639,13,0,"75"
2019-09-01 00:57:59,0,8,47.18627795,548.66905549,1.596613639,13,51,"75"
2019-09-01 00:58:49,0,8,47.18627795,525.81743149,1.596613639,13,101,"75"
2019-09-01 01:44:45,0,8,43.207480187,705.59017974,1.6020750752,33,0,"75"
2019-09-01 01:45:34,0,8,43.207480187,900.40677857,1.6020750752,33,49,"75"
2019-09-01 01:46:04,0,8,43.207480187,869.73610222,1.6020750752,33,79,"75"
2019-09-01 01:46:24,0,8,43.207480187,869.73610222,1.6020750752,33,99,"75"
2019-09-01 02:32:25,0,8,46.636873332,569.35860217,2.3675587929,61,0,"75"
2019-09-01 02:33:15,0,8,46.636873332,597.75808137,2.3675587929,61,50,"75"
2019-09-01 03:19:15,0,8,35.512883581,777.37803185,1.5436496614,90,0,"75"
2019-09-01 03:20:06,0,8,35.512883581,540.73844694,1.5436496614,90,51,"75"
2019-09-01 03:20:57,0,8,35.512883581,523.42609218,1.5436496614,90,102,"75"
2019-09-01 04:06:46,0,8,49.035595008,753.23245311,2.7344975914,106,0,"75"
2019-09-01 04:07:37,0,8,49.035595008,975.85250119,2.7344975914,106,51,"75"
2019-09-01 04:08:27,0,8,49.035595008,946.81430887,2.7344975914,106,101,"75"
2019-09-01 04:54:37,0,8,49.035595008,585.97861897,2.7344975914,129,0,"75"
2019-09-01 04:55:28,0,8,49.035595008,595.52578,2.7344975914,129,51,"75"
2019-09-01 05:41:54,0,8,48.864122884,601.73133805,2.4261602801,159,0,"75"
2019-09-01 05:42:44,0,8,48.864122884,633.63399713,2.4261602801,159,50,"75"
2019-09-01 06:28:47,0,8,44.95382173,810.05236194,2.4261602801,188,0,"75"
2019-09-01 06:29:37,0,8,44.95382173,563.26320206,2.4261602801,188,50,"75"
2019-09-01 06:30:28,0,8,44.95382173,542.80653466,2.4261602801,188,101,"75"
2019-09-01 07:16:25,0,8,44.95382173,718.31459452,2.4261602801,204,0,"75"
2019-09-01 07:17:14,0,8,44.95382173,904.74932894,2.4261602801,204,49,"75"
2019-09-01 07:18:05,0,8,44.95382173,874.53419594,2.4261602801,204,100,"75"
2019-09-01 08:04:03,0,8,44.95382173,595.64208634,2.4261602801,229,0,"75"
2019-09-01 08:04:55,0,8,44.95382173,628.45856172,2.4261602801,229,52,"75"
2019-09-01 08:51:09,0,8,44.601516025,712.9249613,1.7139375573,258,0,"75"
2019-09-01 08:51:58,0,8,44.601516025,941.1233461,1.7139375573,258,49,"75"
2019-09-01 08:52:47,0,8,44.601516025,910.91133918,1.7139375573,258,98,"75"
2019-09-01 09:38:26,0,8,36.920198645,748.28329398,2.3877363898,274,0,"75"
2019-09-01 09:39:16,0,8,36.920198645,1003.934694,2.3877363898,274,50,"75"
2019-09-01 09:40:05,0,8,36.920198645,974.64966805,2.3877363898,274,99,"75"
2019-09-01 10:25:49,0,8,37.600004736,720.38300246,1.6869146097,291,0,"75"
2019-09-01 10:26:38,0,8,37.600004736,984.05721956,1.6869146097,291,49,"75"
2019-09-01 10:27:29,0,8,37.600004736,959.10852877,1.6869146097,291,100,"75"
2019-09-01 11:13:38,0,8,37.605743694,554.80883762,1.7032388907,316,0,"75"
2019-09-01 11:14:28,0,8,37.606645819,589.65652425,1.7032388907,316,50,"75"
2019-09-01 12:00:35,0,8,48.849181137,762.68715272,2.6616540918,337,0,"75"
2019-09-01 12:01:25,0,8,48.849181137,1033.6764027,2.6616540918,337,50,"75"
2019-09-01 12:02:14,0,8,48.849181137,1003.7424726,2.6616540918,337,99,"75"
2019-09-01 12:47:49,0,8,48.897610533,835.01897435,2.7482841574,357,0,"75"
2019-09-01 12:48:38,0,8,48.897610533,592.33379821,2.7482841574,357,49,"75"
2019-09-01 12:49:29,0,8,48.897610533,574.51181932,2.7482841574,357,100,"75"
2019-09-01 13:35:58,0,8,48.344198877,602.55778222,1.7274742775,385,0,"75"
2019-09-01 13:36:49,0,8,48.344198877,587.60503995,1.7274742775,385,51,"75"
2019-09-01 14:23:19,0,8,49.75176869,624.25228012,2.7573478865,407,0,"75"
2019-09-01 14:24:09,0,8,49.75176869,610.46183404,2.7573478865,407,50,"75"
2019-09-01 15:10:43,0,8,49.181623473,617.05745999,1.7238088081,435,0,"75"
2019-09-01 15:11:33,0,8,49.181623473,600.85178747,1.7238088081,435,50,"75"
2019-09-01 15:57:36,0,8,49.181623473,744.75549804,1.7238088081,453,0,"75"
2019-09-01 15:58:24,0,8,49.181623473,924.97604178,1.7238088081,453,48,"75"
2019-09-01 15:59:15,0,8,49.181623473,893.61102033,1.7238088081,453,99,"75"
2019-09-01 16:45:12,0,8,53.831844222,618.54773613,1.7238088081,480,0,"75"
2019-09-01 16:46:02,0,8,53.831844222,664.20697975,1.7238088081,480,50,"75"
2019-09-01 17:32:52,0,8,53.831844222,585.73424168,1.7238088081,510,0,"75"
2019-09-01 17:33:43,0,8,53.831844222,567.90846836,1.7238088081,510,51,"75"
2019-09-01 18:19:35,0,8,53.847497024,761.82299844,1.7506183765,530,0,"75"
2019-09-01 18:20:27,0,8,53.847497024,947.43354401,1.7506183765,530,52,"75"
2019-09-01 18:21:16,0,8,53.847497024,916.52645807,1.7506183765,530,101,"75"
2019-09-01 19:07:31,0,8,44.923388507,582.88135451,2.7760981389,553,0,"75"
2019-09-01 19:08:20,0,8,44.923388507,577.9203391,2.7760981389,553,49,"75"
2019-09-01 19:54:18,0,8,48.922033834,776.2051011,2.7760981389,577,0,"75"
2019-09-01 19:55:07,0,8,48.922033834,608.92792344,2.7760981389,577,49,"75"
2019-09-01 19:55:58,0,8,48.922033834,584.49664849,2.7760981389,577,100,"75"
2019-09-01 20:42:26,0,8,43.666853882,555.90045253,2.6201020961,594,0,"75"
2019-09-01 20:43:18,0,8,43.666853882,533.98333878,2.6201020961,594,52,"75"
2019-09-01 21:29:11,0,8,43.046572457,720.90994056,1.76386889,613,0,"75"
2019-09-01 21:30:02,0,8,43.046572457,990.06160734,1.76386889,613,51,"75"
2019-09-01 21:30:51,0,8,43.046572457,956.53665391,1.76386889,613,100,"75"
2019-09-01 22:16:50,0,8,43.046572457,586.18127063,1.76386889,636,0,"75"
2019-09-01 22:17:39,0,8,43.046572457,636.31297158,1.76386889,636,49,"75"
2019-09-01 23:04:18,0,8,43.380901777,579.59438376,2.4625427751,666,0,"75"
2019-09-01 23:05:07,0,8,43.380901777,600.23786852,2.4625427751,666,49,"75"
2019-09-01 23:51:43,0,8,38.149347118,567.91424164,1.7556555475,696,0,"75"
2019-09-01 23:52:33,0,8,38.149347118,581.55682076,1.7556555475,696,50,"75"
