"Core","Sample_number","DATETIME","n","flux_co2_umol_s","flux_ch4_nmol_s","dry_soil_g","flux_co2_umol_g_s","flux_ch4_nmol_g_s","Core_assignment","coreID","Site","location","drying","length","replicate","mean","median","sd","outlier"
"13",17686,2019-06-28 19:34:37,2,0.000183758883652649,2.92814450358258e-19,139.61,1.31623009564249e-06,2.09737447430884e-21,"CPCRW_150d_up_CW_r2","C13","CPCRW","upland","constant weight","150 day",2,1.31623009564249e-06,1.31623009564249e-06,0,FALSE
"13",17686,2019-06-28 19:34:37,2,0.000183758883652649,2.92814450358258e-19,139.61,1.31623009564249e-06,2.09737447430884e-21,"CPCRW_150d_up_CW_r2","C13","CPCRW","upland","constant weight","150 day",2,1.31623009564249e-06,1.31623009564249e-06,0,FALSE
"13",17686,2019-06-28 19:34:37,2,0.000183758883652649,2.92814450358258e-19,139.61,1.31623009564249e-06,2.09737447430884e-21,"CPCRW_150d_up_CW_r2","C13","CPCRW","upland","constant weight","150 day",2,1.31623009564249e-06,1.31623009564249e-06,0,FALSE
"13",17686,2019-06-28 19:34:37,2,0.000183758883652649,2.92814450358258e-19,139.61,1.31623009564249e-06,2.09737447430884e-21,"CPCRW_150d_up_CW_r2","C13","CPCRW","upland","constant weight","150 day",2,1.31623009564249e-06,1.31623009564249e-06,0,FALSE
"13",17686,2019-06-28 19:34:37,2,0.000183758883652649,2.92814450358258e-19,139.61,1.31623009564249e-06,2.09737447430884e-21,"CPCRW_150d_up_CW_r2","C13","CPCRW","upland","constant weight","150 day",2,1.31623009564249e-06,1.31623009564249e-06,0,FALSE
"13",17686,2019-06-28 19:34:37,2,0.000183758883652649,2.92814450358258e-19,139.61,1.31623009564249e-06,2.09737447430884e-21,"CPCRW_150d_up_CW_r2","C13","CPCRW","upland","constant weight","150 day",2,1.31623009564249e-06,1.31623009564249e-06,0,FALSE
"13",17686,2019-06-28 19:34:37,2,0.000183758883652649,2.92814450358258e-19,139.61,1.31623009564249e-06,2.09737447430884e-21,"CPCRW_150d_up_CW_r2","C13","CPCRW","upland","constant weight","150 day",2,1.31623009564249e-06,1.31623009564249e-06,0,FALSE
"13",17686,2019-06-28 19:34:37,2,0.000183758883652649,2.92814450358258e-19,139.61,1.31623009564249e-06,2.09737447430884e-21,"CPCRW_150d_up_CW_r2","C13","CPCRW","upland","constant weight","150 day",2,1.31623009564249e-06,1.31623009564249e-06,0,FALSE
"13",17686,2019-06-28 19:34:37,2,0.000183758883652649,2.92814450358258e-19,139.61,1.31623009564249e-06,2.09737447430884e-21,"CPCRW_150d_up_CW_r2","C13","CPCRW","upland","constant weight","150 day",2,1.31623009564249e-06,1.31623009564249e-06,0,FALSE
"13",17686,2019-06-28 19:34:37,2,0.000183758883652649,2.92814450358258e-19,139.61,1.31623009564249e-06,2.09737447430884e-21,"CPCRW_150d_up_CW_r2","C13","CPCRW","upland","constant weight","150 day",2,1.31623009564249e-06,1.31623009564249e-06,0,FALSE
"13",17686,2019-06-28 19:34:37,2,0.000183758883652649,2.92814450358258e-19,139.61,1.31623009564249e-06,2.09737447430884e-21,"CPCRW_150d_up_CW_r2","C13","CPCRW","upland","constant weight","150 day",2,1.31623009564249e-06,1.31623009564249e-06,0,FALSE
"13",17686,2019-06-28 19:34:37,2,0.000183758883652649,2.92814450358258e-19,139.61,1.31623009564249e-06,2.09737447430884e-21,"CPCRW_150d_up_CW_r2","C13","CPCRW","upland","constant weight","150 day",2,1.31623009564249e-06,1.31623009564249e-06,0,FALSE
"13",17686,2019-06-28 19:34:37,2,0.000183758883652649,2.92814450358258e-19,139.61,1.31623009564249e-06,2.09737447430884e-21,"CPCRW_150d_up_CW_r2","C13","CPCRW","upland","constant weight","150 day",2,1.31623009564249e-06,1.31623009564249e-06,0,FALSE
"13",17686,2019-06-28 19:34:37,2,0.000183758883652649,2.92814450358258e-19,139.61,1.31623009564249e-06,2.09737447430884e-21,"CPCRW_150d_up_CW_r2","C13","CPCRW","upland","constant weight","150 day",2,1.31623009564249e-06,1.31623009564249e-06,0,FALSE
"13",17686,2019-06-28 19:34:37,2,0.000183758883652649,2.92814450358258e-19,139.61,1.31623009564249e-06,2.09737447430884e-21,"CPCRW_150d_up_CW_r2","C13","CPCRW","upland","constant weight","150 day",2,1.31623009564249e-06,1.31623009564249e-06,0,FALSE
"13",17686,2019-06-28 19:34:37,2,0.000183758883652649,2.92814450358258e-19,139.61,1.31623009564249e-06,2.09737447430884e-21,"CPCRW_150d_up_CW_r2","C13","CPCRW","upland","constant weight","150 day",2,1.31623009564249e-06,1.31623009564249e-06,0,FALSE
"13",17686,2019-06-28 19:34:37,2,0.000183758883652649,2.92814450358258e-19,139.61,1.31623009564249e-06,2.09737447430884e-21,"CPCRW_150d_up_CW_r2","C13","CPCRW","upland","constant weight","150 day",2,1.31623009564249e-06,1.31623009564249e-06,0,FALSE
"13",17686,2019-06-28 19:34:37,2,0.000183758883652649,2.92814450358258e-19,139.61,1.31623009564249e-06,2.09737447430884e-21,"CPCRW_150d_up_CW_r2","C13","CPCRW","upland","constant weight","150 day",2,1.31623009564249e-06,1.31623009564249e-06,0,FALSE
"13",17686,2019-06-28 19:34:37,2,0.000183758883652649,2.92814450358258e-19,139.61,1.31623009564249e-06,2.09737447430884e-21,"CPCRW_150d_up_CW_r2","C13","CPCRW","upland","constant weight","150 day",2,1.31623009564249e-06,1.31623009564249e-06,0,FALSE
"13",17686,2019-06-28 19:34:37,2,0.000183758883652649,2.92814450358258e-19,139.61,1.31623009564249e-06,2.09737447430884e-21,"CPCRW_150d_up_CW_r2","C13","CPCRW","upland","constant weight","150 day",2,1.31623009564249e-06,1.31623009564249e-06,0,FALSE
"13",17686,2019-06-28 19:34:37,2,0.000183758883652649,2.92814450358258e-19,139.61,1.31623009564249e-06,2.09737447430884e-21,"CPCRW_150d_up_CW_r2","C13","CPCRW","upland","constant weight","150 day",2,1.31623009564249e-06,1.31623009564249e-06,0,FALSE
"13",17686,2019-06-28 19:34:37,2,0.000183758883652649,2.92814450358258e-19,139.61,1.31623009564249e-06,2.09737447430884e-21,"CPCRW_150d_up_CW_r2","C13","CPCRW","upland","constant weight","150 day",2,1.31623009564249e-06,1.31623009564249e-06,0,FALSE
"13",17686,2019-06-28 19:34:37,2,0.000183758883652649,2.92814450358258e-19,139.61,1.31623009564249e-06,2.09737447430884e-21,"CPCRW_150d_up_CW_r2","C13","CPCRW","upland","constant weight","150 day",2,1.31623009564249e-06,1.31623009564249e-06,0,FALSE
"13",17686,2019-06-28 19:34:37,2,0.000183758883652649,2.92814450358258e-19,139.61,1.31623009564249e-06,2.09737447430884e-21,"CPCRW_150d_up_CW_r2","C13","CPCRW","upland","constant weight","150 day",2,1.31623009564249e-06,1.31623009564249e-06,0,FALSE
"13",17686,2019-06-28 19:34:37,2,0.000183758883652649,2.92814450358258e-19,139.61,1.31623009564249e-06,2.09737447430884e-21,"CPCRW_150d_up_CW_r2","C13","CPCRW","upland","constant weight","150 day",2,1.31623009564249e-06,1.31623009564249e-06,0,FALSE
"13",17686,2019-06-28 19:34:37,2,0.000183758883652649,2.92814450358258e-19,139.61,1.31623009564249e-06,2.09737447430884e-21,"CPCRW_150d_up_CW_r2","C13","CPCRW","upland","constant weight","150 day",2,1.31623009564249e-06,1.31623009564249e-06,0,FALSE
"13",17686,2019-06-28 19:34:37,2,0.000183758883652649,2.92814450358258e-19,139.61,1.31623009564249e-06,2.09737447430884e-21,"CPCRW_150d_up_CW_r2","C13","CPCRW","upland","constant weight","150 day",2,1.31623009564249e-06,1.31623009564249e-06,0,FALSE
"13",17686,2019-06-28 19:34:37,2,0.000183758883652649,2.92814450358258e-19,139.61,1.31623009564249e-06,2.09737447430884e-21,"CPCRW_150d_up_CW_r2","C13","CPCRW","upland","constant weight","150 day",2,1.31623009564249e-06,1.31623009564249e-06,0,FALSE
"13",17686,2019-06-28 19:34:37,2,0.000183758883652649,2.92814450358258e-19,139.61,1.31623009564249e-06,2.09737447430884e-21,"CPCRW_150d_up_CW_r2","C13","CPCRW","upland","constant weight","150 day",2,1.31623009564249e-06,1.31623009564249e-06,0,FALSE
"13",17686,2019-06-28 19:34:37,2,0.000183758883652649,2.92814450358258e-19,139.61,1.31623009564249e-06,2.09737447430884e-21,"CPCRW_150d_up_CW_r2","C13","CPCRW","upland","constant weight","150 day",2,1.31623009564249e-06,1.31623009564249e-06,0,FALSE
"13",17686,2019-06-28 19:34:37,2,0.000183758883652649,2.92814450358258e-19,139.61,1.31623009564249e-06,2.09737447430884e-21,"CPCRW_150d_up_CW_r2","C13","CPCRW","upland","constant weight","150 day",2,1.31623009564249e-06,1.31623009564249e-06,0,FALSE
"13",17686,2019-06-28 19:34:37,2,0.000183758883652649,2.92814450358258e-19,139.61,1.31623009564249e-06,2.09737447430884e-21,"CPCRW_150d_up_CW_r2","C13","CPCRW","upland","constant weight","150 day",2,1.31623009564249e-06,1.31623009564249e-06,0,FALSE
"26",17688,2019-06-28 19:37:07,2,8.34534091051111e-05,2.9879025546761e-19,123.12,6.77821711380045e-07,2.42682143817097e-21,"CPCRW_150d_up_CW_r3","C26","CPCRW","upland","constant weight","150 day",3,6.77821711380045e-07,6.77821711380045e-07,0,FALSE
"26",17688,2019-06-28 19:37:07,2,8.34534091051111e-05,2.9879025546761e-19,123.12,6.77821711380045e-07,2.42682143817097e-21,"CPCRW_150d_up_CW_r3","C26","CPCRW","upland","constant weight","150 day",3,6.77821711380045e-07,6.77821711380045e-07,0,FALSE
"26",17688,2019-06-28 19:37:07,2,8.34534091051111e-05,2.9879025546761e-19,123.12,6.77821711380045e-07,2.42682143817097e-21,"CPCRW_150d_up_CW_r3","C26","CPCRW","upland","constant weight","150 day",3,6.77821711380045e-07,6.77821711380045e-07,0,FALSE
"26",17688,2019-06-28 19:37:07,2,8.34534091051111e-05,2.9879025546761e-19,123.12,6.77821711380045e-07,2.42682143817097e-21,"CPCRW_150d_up_CW_r3","C26","CPCRW","upland","constant weight","150 day",3,6.77821711380045e-07,6.77821711380045e-07,0,FALSE
"26",17688,2019-06-28 19:37:07,2,8.34534091051111e-05,2.9879025546761e-19,123.12,6.77821711380045e-07,2.42682143817097e-21,"CPCRW_150d_up_CW_r3","C26","CPCRW","upland","constant weight","150 day",3,6.77821711380045e-07,6.77821711380045e-07,0,FALSE
"26",17688,2019-06-28 19:37:07,2,8.34534091051111e-05,2.9879025546761e-19,123.12,6.77821711380045e-07,2.42682143817097e-21,"CPCRW_150d_up_CW_r3","C26","CPCRW","upland","constant weight","150 day",3,6.77821711380045e-07,6.77821711380045e-07,0,FALSE
"26",17688,2019-06-28 19:37:07,2,8.34534091051111e-05,2.9879025546761e-19,123.12,6.77821711380045e-07,2.42682143817097e-21,"CPCRW_150d_up_CW_r3","C26","CPCRW","upland","constant weight","150 day",3,6.77821711380045e-07,6.77821711380045e-07,0,FALSE
"26",17688,2019-06-28 19:37:07,2,8.34534091051111e-05,2.9879025546761e-19,123.12,6.77821711380045e-07,2.42682143817097e-21,"CPCRW_150d_up_CW_r3","C26","CPCRW","upland","constant weight","150 day",3,6.77821711380045e-07,6.77821711380045e-07,0,FALSE
"26",17688,2019-06-28 19:37:07,2,8.34534091051111e-05,2.9879025546761e-19,123.12,6.77821711380045e-07,2.42682143817097e-21,"CPCRW_150d_up_CW_r3","C26","CPCRW","upland","constant weight","150 day",3,6.77821711380045e-07,6.77821711380045e-07,0,FALSE
"26",17688,2019-06-28 19:37:07,2,8.34534091051111e-05,2.9879025546761e-19,123.12,6.77821711380045e-07,2.42682143817097e-21,"CPCRW_150d_up_CW_r3","C26","CPCRW","upland","constant weight","150 day",3,6.77821711380045e-07,6.77821711380045e-07,0,FALSE
"26",17688,2019-06-28 19:37:07,2,8.34534091051111e-05,2.9879025546761e-19,123.12,6.77821711380045e-07,2.42682143817097e-21,"CPCRW_150d_up_CW_r3","C26","CPCRW","upland","constant weight","150 day",3,6.77821711380045e-07,6.77821711380045e-07,0,FALSE
"26",17688,2019-06-28 19:37:07,2,8.34534091051111e-05,2.9879025546761e-19,123.12,6.77821711380045e-07,2.42682143817097e-21,"CPCRW_150d_up_CW_r3","C26","CPCRW","upland","constant weight","150 day",3,6.77821711380045e-07,6.77821711380045e-07,0,FALSE
"26",17688,2019-06-28 19:37:07,2,8.34534091051111e-05,2.9879025546761e-19,123.12,6.77821711380045e-07,2.42682143817097e-21,"CPCRW_150d_up_CW_r3","C26","CPCRW","upland","constant weight","150 day",3,6.77821711380045e-07,6.77821711380045e-07,0,FALSE
"26",17688,2019-06-28 19:37:07,2,8.34534091051111e-05,2.9879025546761e-19,123.12,6.77821711380045e-07,2.42682143817097e-21,"CPCRW_150d_up_CW_r3","C26","CPCRW","upland","constant weight","150 day",3,6.77821711380045e-07,6.77821711380045e-07,0,FALSE
"26",17688,2019-06-28 19:37:07,2,8.34534091051111e-05,2.9879025546761e-19,123.12,6.77821711380045e-07,2.42682143817097e-21,"CPCRW_150d_up_CW_r3","C26","CPCRW","upland","constant weight","150 day",3,6.77821711380045e-07,6.77821711380045e-07,0,FALSE
"26",17688,2019-06-28 19:37:07,2,8.34534091051111e-05,2.9879025546761e-19,123.12,6.77821711380045e-07,2.42682143817097e-21,"CPCRW_150d_up_CW_r3","C26","CPCRW","upland","constant weight","150 day",3,6.77821711380045e-07,6.77821711380045e-07,0,FALSE
"26",17688,2019-06-28 19:37:07,2,8.34534091051111e-05,2.9879025546761e-19,123.12,6.77821711380045e-07,2.42682143817097e-21,"CPCRW_150d_up_CW_r3","C26","CPCRW","upland","constant weight","150 day",3,6.77821711380045e-07,6.77821711380045e-07,0,FALSE
"26",17688,2019-06-28 19:37:07,2,8.34534091051111e-05,2.9879025546761e-19,123.12,6.77821711380045e-07,2.42682143817097e-21,"CPCRW_150d_up_CW_r3","C26","CPCRW","upland","constant weight","150 day",3,6.77821711380045e-07,6.77821711380045e-07,0,FALSE
"26",17688,2019-06-28 19:37:07,2,8.34534091051111e-05,2.9879025546761e-19,123.12,6.77821711380045e-07,2.42682143817097e-21,"CPCRW_150d_up_CW_r3","C26","CPCRW","upland","constant weight","150 day",3,6.77821711380045e-07,6.77821711380045e-07,0,FALSE
"26",17688,2019-06-28 19:37:07,2,8.34534091051111e-05,2.9879025546761e-19,123.12,6.77821711380045e-07,2.42682143817097e-21,"CPCRW_150d_up_CW_r3","C26","CPCRW","upland","constant weight","150 day",3,6.77821711380045e-07,6.77821711380045e-07,0,FALSE
"26",17688,2019-06-28 19:37:07,2,8.34534091051111e-05,2.9879025546761e-19,123.12,6.77821711380045e-07,2.42682143817097e-21,"CPCRW_150d_up_CW_r3","C26","CPCRW","upland","constant weight","150 day",3,6.77821711380045e-07,6.77821711380045e-07,0,FALSE
"26",17688,2019-06-28 19:37:07,2,8.34534091051111e-05,2.9879025546761e-19,123.12,6.77821711380045e-07,2.42682143817097e-21,"CPCRW_150d_up_CW_r3","C26","CPCRW","upland","constant weight","150 day",3,6.77821711380045e-07,6.77821711380045e-07,0,FALSE
"26",17688,2019-06-28 19:37:07,2,8.34534091051111e-05,2.9879025546761e-19,123.12,6.77821711380045e-07,2.42682143817097e-21,"CPCRW_150d_up_CW_r3","C26","CPCRW","upland","constant weight","150 day",3,6.77821711380045e-07,6.77821711380045e-07,0,FALSE
"26",17688,2019-06-28 19:37:07,2,8.34534091051111e-05,2.9879025546761e-19,123.12,6.77821711380045e-07,2.42682143817097e-21,"CPCRW_150d_up_CW_r3","C26","CPCRW","upland","constant weight","150 day",3,6.77821711380045e-07,6.77821711380045e-07,0,FALSE
"26",17688,2019-06-28 19:37:07,2,8.34534091051111e-05,2.9879025546761e-19,123.12,6.77821711380045e-07,2.42682143817097e-21,"CPCRW_150d_up_CW_r3","C26","CPCRW","upland","constant weight","150 day",3,6.77821711380045e-07,6.77821711380045e-07,0,FALSE
"26",17688,2019-06-28 19:37:07,2,8.34534091051111e-05,2.9879025546761e-19,123.12,6.77821711380045e-07,2.42682143817097e-21,"CPCRW_150d_up_CW_r3","C26","CPCRW","upland","constant weight","150 day",3,6.77821711380045e-07,6.77821711380045e-07,0,FALSE
"26",17688,2019-06-28 19:37:07,2,8.34534091051111e-05,2.9879025546761e-19,123.12,6.77821711380045e-07,2.42682143817097e-21,"CPCRW_150d_up_CW_r3","C26","CPCRW","upland","constant weight","150 day",3,6.77821711380045e-07,6.77821711380045e-07,0,FALSE
"26",17688,2019-06-28 19:37:07,2,8.34534091051111e-05,2.9879025546761e-19,123.12,6.77821711380045e-07,2.42682143817097e-21,"CPCRW_150d_up_CW_r3","C26","CPCRW","upland","constant weight","150 day",3,6.77821711380045e-07,6.77821711380045e-07,0,FALSE
"26",17688,2019-06-28 19:37:07,2,8.34534091051111e-05,2.9879025546761e-19,123.12,6.77821711380045e-07,2.42682143817097e-21,"CPCRW_150d_up_CW_r3","C26","CPCRW","upland","constant weight","150 day",3,6.77821711380045e-07,6.77821711380045e-07,0,FALSE
"26",17688,2019-06-28 19:37:07,2,8.34534091051111e-05,2.9879025546761e-19,123.12,6.77821711380045e-07,2.42682143817097e-21,"CPCRW_150d_up_CW_r3","C26","CPCRW","upland","constant weight","150 day",3,6.77821711380045e-07,6.77821711380045e-07,0,FALSE
"26",17688,2019-06-28 19:37:07,2,8.34534091051111e-05,2.9879025546761e-19,123.12,6.77821711380045e-07,2.42682143817097e-21,"CPCRW_150d_up_CW_r3","C26","CPCRW","upland","constant weight","150 day",3,6.77821711380045e-07,6.77821711380045e-07,0,FALSE
"28",17705,2019-06-28 20:02:24,3,0.000141399811753409,-9.08631928572607e-20,149.35,9.46768073340537e-07,-6.08390979961571e-22,"CPCRW_150d_up_CW_r1","C28","CPCRW","upland","constant weight","150 day",1,9.46768073340537e-07,9.46768073340537e-07,0,FALSE
"28",17705,2019-06-28 20:02:24,3,0.000141399811753409,-9.08631928572607e-20,149.35,9.46768073340537e-07,-6.08390979961571e-22,"CPCRW_150d_up_CW_r1","C28","CPCRW","upland","constant weight","150 day",1,9.46768073340537e-07,9.46768073340537e-07,0,FALSE
"28",17705,2019-06-28 20:02:24,3,0.000141399811753409,-9.08631928572607e-20,149.35,9.46768073340537e-07,-6.08390979961571e-22,"CPCRW_150d_up_CW_r1","C28","CPCRW","upland","constant weight","150 day",1,9.46768073340537e-07,9.46768073340537e-07,0,FALSE
"28",17705,2019-06-28 20:02:24,3,0.000141399811753409,-9.08631928572607e-20,149.35,9.46768073340537e-07,-6.08390979961571e-22,"CPCRW_150d_up_CW_r1","C28","CPCRW","upland","constant weight","150 day",1,9.46768073340537e-07,9.46768073340537e-07,0,FALSE
"28",17705,2019-06-28 20:02:24,3,0.000141399811753409,-9.08631928572607e-20,149.35,9.46768073340537e-07,-6.08390979961571e-22,"CPCRW_150d_up_CW_r1","C28","CPCRW","upland","constant weight","150 day",1,9.46768073340537e-07,9.46768073340537e-07,0,FALSE
"28",17705,2019-06-28 20:02:24,3,0.000141399811753409,-9.08631928572607e-20,149.35,9.46768073340537e-07,-6.08390979961571e-22,"CPCRW_150d_up_CW_r1","C28","CPCRW","upland","constant weight","150 day",1,9.46768073340537e-07,9.46768073340537e-07,0,FALSE
"28",17705,2019-06-28 20:02:24,3,0.000141399811753409,-9.08631928572607e-20,149.35,9.46768073340537e-07,-6.08390979961571e-22,"CPCRW_150d_up_CW_r1","C28","CPCRW","upland","constant weight","150 day",1,9.46768073340537e-07,9.46768073340537e-07,0,FALSE
"28",17705,2019-06-28 20:02:24,3,0.000141399811753409,-9.08631928572607e-20,149.35,9.46768073340537e-07,-6.08390979961571e-22,"CPCRW_150d_up_CW_r1","C28","CPCRW","upland","constant weight","150 day",1,9.46768073340537e-07,9.46768073340537e-07,0,FALSE
"28",17705,2019-06-28 20:02:24,3,0.000141399811753409,-9.08631928572607e-20,149.35,9.46768073340537e-07,-6.08390979961571e-22,"CPCRW_150d_up_CW_r1","C28","CPCRW","upland","constant weight","150 day",1,9.46768073340537e-07,9.46768073340537e-07,0,FALSE
"28",17705,2019-06-28 20:02:24,3,0.000141399811753409,-9.08631928572607e-20,149.35,9.46768073340537e-07,-6.08390979961571e-22,"CPCRW_150d_up_CW_r1","C28","CPCRW","upland","constant weight","150 day",1,9.46768073340537e-07,9.46768073340537e-07,0,FALSE
"28",17705,2019-06-28 20:02:24,3,0.000141399811753409,-9.08631928572607e-20,149.35,9.46768073340537e-07,-6.08390979961571e-22,"CPCRW_150d_up_CW_r1","C28","CPCRW","upland","constant weight","150 day",1,9.46768073340537e-07,9.46768073340537e-07,0,FALSE
"28",17705,2019-06-28 20:02:24,3,0.000141399811753409,-9.08631928572607e-20,149.35,9.46768073340537e-07,-6.08390979961571e-22,"CPCRW_150d_up_CW_r1","C28","CPCRW","upland","constant weight","150 day",1,9.46768073340537e-07,9.46768073340537e-07,0,FALSE
"28",17705,2019-06-28 20:02:24,3,0.000141399811753409,-9.08631928572607e-20,149.35,9.46768073340537e-07,-6.08390979961571e-22,"CPCRW_150d_up_CW_r1","C28","CPCRW","upland","constant weight","150 day",1,9.46768073340537e-07,9.46768073340537e-07,0,FALSE
"28",17705,2019-06-28 20:02:24,3,0.000141399811753409,-9.08631928572607e-20,149.35,9.46768073340537e-07,-6.08390979961571e-22,"CPCRW_150d_up_CW_r1","C28","CPCRW","upland","constant weight","150 day",1,9.46768073340537e-07,9.46768073340537e-07,0,FALSE
"28",17705,2019-06-28 20:02:24,3,0.000141399811753409,-9.08631928572607e-20,149.35,9.46768073340537e-07,-6.08390979961571e-22,"CPCRW_150d_up_CW_r1","C28","CPCRW","upland","constant weight","150 day",1,9.46768073340537e-07,9.46768073340537e-07,0,FALSE
"28",17705,2019-06-28 20:02:24,3,0.000141399811753409,-9.08631928572607e-20,149.35,9.46768073340537e-07,-6.08390979961571e-22,"CPCRW_150d_up_CW_r1","C28","CPCRW","upland","constant weight","150 day",1,9.46768073340537e-07,9.46768073340537e-07,0,FALSE
"28",17705,2019-06-28 20:02:24,3,0.000141399811753409,-9.08631928572607e-20,149.35,9.46768073340537e-07,-6.08390979961571e-22,"CPCRW_150d_up_CW_r1","C28","CPCRW","upland","constant weight","150 day",1,9.46768073340537e-07,9.46768073340537e-07,0,FALSE
"28",17705,2019-06-28 20:02:24,3,0.000141399811753409,-9.08631928572607e-20,149.35,9.46768073340537e-07,-6.08390979961571e-22,"CPCRW_150d_up_CW_r1","C28","CPCRW","upland","constant weight","150 day",1,9.46768073340537e-07,9.46768073340537e-07,0,FALSE
"28",17705,2019-06-28 20:02:24,3,0.000141399811753409,-9.08631928572607e-20,149.35,9.46768073340537e-07,-6.08390979961571e-22,"CPCRW_150d_up_CW_r1","C28","CPCRW","upland","constant weight","150 day",1,9.46768073340537e-07,9.46768073340537e-07,0,FALSE
"28",17705,2019-06-28 20:02:24,3,0.000141399811753409,-9.08631928572607e-20,149.35,9.46768073340537e-07,-6.08390979961571e-22,"CPCRW_150d_up_CW_r1","C28","CPCRW","upland","constant weight","150 day",1,9.46768073340537e-07,9.46768073340537e-07,0,FALSE
"28",17705,2019-06-28 20:02:24,3,0.000141399811753409,-9.08631928572607e-20,149.35,9.46768073340537e-07,-6.08390979961571e-22,"CPCRW_150d_up_CW_r1","C28","CPCRW","upland","constant weight","150 day",1,9.46768073340537e-07,9.46768073340537e-07,0,FALSE
"28",17705,2019-06-28 20:02:24,3,0.000141399811753409,-9.08631928572607e-20,149.35,9.46768073340537e-07,-6.08390979961571e-22,"CPCRW_150d_up_CW_r1","C28","CPCRW","upland","constant weight","150 day",1,9.46768073340537e-07,9.46768073340537e-07,0,FALSE
"28",17705,2019-06-28 20:02:24,3,0.000141399811753409,-9.08631928572607e-20,149.35,9.46768073340537e-07,-6.08390979961571e-22,"CPCRW_150d_up_CW_r1","C28","CPCRW","upland","constant weight","150 day",1,9.46768073340537e-07,9.46768073340537e-07,0,FALSE
"28",17705,2019-06-28 20:02:24,3,0.000141399811753409,-9.08631928572607e-20,149.35,9.46768073340537e-07,-6.08390979961571e-22,"CPCRW_150d_up_CW_r1","C28","CPCRW","upland","constant weight","150 day",1,9.46768073340537e-07,9.46768073340537e-07,0,FALSE
"28",17705,2019-06-28 20:02:24,3,0.000141399811753409,-9.08631928572607e-20,149.35,9.46768073340537e-07,-6.08390979961571e-22,"CPCRW_150d_up_CW_r1","C28","CPCRW","upland","constant weight","150 day",1,9.46768073340537e-07,9.46768073340537e-07,0,FALSE
"28",17705,2019-06-28 20:02:24,3,0.000141399811753409,-9.08631928572607e-20,149.35,9.46768073340537e-07,-6.08390979961571e-22,"CPCRW_150d_up_CW_r1","C28","CPCRW","upland","constant weight","150 day",1,9.46768073340537e-07,9.46768073340537e-07,0,FALSE
"28",17705,2019-06-28 20:02:24,3,0.000141399811753409,-9.08631928572607e-20,149.35,9.46768073340537e-07,-6.08390979961571e-22,"CPCRW_150d_up_CW_r1","C28","CPCRW","upland","constant weight","150 day",1,9.46768073340537e-07,9.46768073340537e-07,0,FALSE
"28",17705,2019-06-28 20:02:24,3,0.000141399811753409,-9.08631928572607e-20,149.35,9.46768073340537e-07,-6.08390979961571e-22,"CPCRW_150d_up_CW_r1","C28","CPCRW","upland","constant weight","150 day",1,9.46768073340537e-07,9.46768073340537e-07,0,FALSE
"28",17705,2019-06-28 20:02:24,3,0.000141399811753409,-9.08631928572607e-20,149.35,9.46768073340537e-07,-6.08390979961571e-22,"CPCRW_150d_up_CW_r1","C28","CPCRW","upland","constant weight","150 day",1,9.46768073340537e-07,9.46768073340537e-07,0,FALSE
"28",17705,2019-06-28 20:02:24,3,0.000141399811753409,-9.08631928572607e-20,149.35,9.46768073340537e-07,-6.08390979961571e-22,"CPCRW_150d_up_CW_r1","C28","CPCRW","upland","constant weight","150 day",1,9.46768073340537e-07,9.46768073340537e-07,0,FALSE
"28",17705,2019-06-28 20:02:24,3,0.000141399811753409,-9.08631928572607e-20,149.35,9.46768073340537e-07,-6.08390979961571e-22,"CPCRW_150d_up_CW_r1","C28","CPCRW","upland","constant weight","150 day",1,9.46768073340537e-07,9.46768073340537e-07,0,FALSE
"4",17696,2019-06-28 19:47:06,2,0.0001552947452599,0,158.51,9.79715760897733e-07,0,"CPCRW_150d_up_CW_r4","C4","CPCRW","upland","constant weight","150 day",4,9.79715760897733e-07,9.79715760897733e-07,0,FALSE
"4",17696,2019-06-28 19:47:06,2,0.0001552947452599,0,158.51,9.79715760897733e-07,0,"CPCRW_150d_up_CW_r4","C4","CPCRW","upland","constant weight","150 day",4,9.79715760897733e-07,9.79715760897733e-07,0,FALSE
"4",17696,2019-06-28 19:47:06,2,0.0001552947452599,0,158.51,9.79715760897733e-07,0,"CPCRW_150d_up_CW_r4","C4","CPCRW","upland","constant weight","150 day",4,9.79715760897733e-07,9.79715760897733e-07,0,FALSE
"4",17696,2019-06-28 19:47:06,2,0.0001552947452599,0,158.51,9.79715760897733e-07,0,"CPCRW_150d_up_CW_r4","C4","CPCRW","upland","constant weight","150 day",4,9.79715760897733e-07,9.79715760897733e-07,0,FALSE
"4",17696,2019-06-28 19:47:06,2,0.0001552947452599,0,158.51,9.79715760897733e-07,0,"CPCRW_150d_up_CW_r4","C4","CPCRW","upland","constant weight","150 day",4,9.79715760897733e-07,9.79715760897733e-07,0,FALSE
"4",17696,2019-06-28 19:47:06,2,0.0001552947452599,0,158.51,9.79715760897733e-07,0,"CPCRW_150d_up_CW_r4","C4","CPCRW","upland","constant weight","150 day",4,9.79715760897733e-07,9.79715760897733e-07,0,FALSE
"4",17696,2019-06-28 19:47:06,2,0.0001552947452599,0,158.51,9.79715760897733e-07,0,"CPCRW_150d_up_CW_r4","C4","CPCRW","upland","constant weight","150 day",4,9.79715760897733e-07,9.79715760897733e-07,0,FALSE
"4",17696,2019-06-28 19:47:06,2,0.0001552947452599,0,158.51,9.79715760897733e-07,0,"CPCRW_150d_up_CW_r4","C4","CPCRW","upland","constant weight","150 day",4,9.79715760897733e-07,9.79715760897733e-07,0,FALSE
"4",17696,2019-06-28 19:47:06,2,0.0001552947452599,0,158.51,9.79715760897733e-07,0,"CPCRW_150d_up_CW_r4","C4","CPCRW","upland","constant weight","150 day",4,9.79715760897733e-07,9.79715760897733e-07,0,FALSE
"4",17696,2019-06-28 19:47:06,2,0.0001552947452599,0,158.51,9.79715760897733e-07,0,"CPCRW_150d_up_CW_r4","C4","CPCRW","upland","constant weight","150 day",4,9.79715760897733e-07,9.79715760897733e-07,0,FALSE
"4",17696,2019-06-28 19:47:06,2,0.0001552947452599,0,158.51,9.79715760897733e-07,0,"CPCRW_150d_up_CW_r4","C4","CPCRW","upland","constant weight","150 day",4,9.79715760897733e-07,9.79715760897733e-07,0,FALSE
"4",17696,2019-06-28 19:47:06,2,0.0001552947452599,0,158.51,9.79715760897733e-07,0,"CPCRW_150d_up_CW_r4","C4","CPCRW","upland","constant weight","150 day",4,9.79715760897733e-07,9.79715760897733e-07,0,FALSE
"4",17696,2019-06-28 19:47:06,2,0.0001552947452599,0,158.51,9.79715760897733e-07,0,"CPCRW_150d_up_CW_r4","C4","CPCRW","upland","constant weight","150 day",4,9.79715760897733e-07,9.79715760897733e-07,0,FALSE
"4",17696,2019-06-28 19:47:06,2,0.0001552947452599,0,158.51,9.79715760897733e-07,0,"CPCRW_150d_up_CW_r4","C4","CPCRW","upland","constant weight","150 day",4,9.79715760897733e-07,9.79715760897733e-07,0,FALSE
"4",17696,2019-06-28 19:47:06,2,0.0001552947452599,0,158.51,9.79715760897733e-07,0,"CPCRW_150d_up_CW_r4","C4","CPCRW","upland","constant weight","150 day",4,9.79715760897733e-07,9.79715760897733e-07,0,FALSE
"4",17696,2019-06-28 19:47:06,2,0.0001552947452599,0,158.51,9.79715760897733e-07,0,"CPCRW_150d_up_CW_r4","C4","CPCRW","upland","constant weight","150 day",4,9.79715760897733e-07,9.79715760897733e-07,0,FALSE
"4",17696,2019-06-28 19:47:06,2,0.0001552947452599,0,158.51,9.79715760897733e-07,0,"CPCRW_150d_up_CW_r4","C4","CPCRW","upland","constant weight","150 day",4,9.79715760897733e-07,9.79715760897733e-07,0,FALSE
"4",17696,2019-06-28 19:47:06,2,0.0001552947452599,0,158.51,9.79715760897733e-07,0,"CPCRW_150d_up_CW_r4","C4","CPCRW","upland","constant weight","150 day",4,9.79715760897733e-07,9.79715760897733e-07,0,FALSE
"4",17696,2019-06-28 19:47:06,2,0.0001552947452599,0,158.51,9.79715760897733e-07,0,"CPCRW_150d_up_CW_r4","C4","CPCRW","upland","constant weight","150 day",4,9.79715760897733e-07,9.79715760897733e-07,0,FALSE
"4",17696,2019-06-28 19:47:06,2,0.0001552947452599,0,158.51,9.79715760897733e-07,0,"CPCRW_150d_up_CW_r4","C4","CPCRW","upland","constant weight","150 day",4,9.79715760897733e-07,9.79715760897733e-07,0,FALSE
"4",17696,2019-06-28 19:47:06,2,0.0001552947452599,0,158.51,9.79715760897733e-07,0,"CPCRW_150d_up_CW_r4","C4","CPCRW","upland","constant weight","150 day",4,9.79715760897733e-07,9.79715760897733e-07,0,FALSE
"4",17696,2019-06-28 19:47:06,2,0.0001552947452599,0,158.51,9.79715760897733e-07,0,"CPCRW_150d_up_CW_r4","C4","CPCRW","upland","constant weight","150 day",4,9.79715760897733e-07,9.79715760897733e-07,0,FALSE
"4",17696,2019-06-28 19:47:06,2,0.0001552947452599,0,158.51,9.79715760897733e-07,0,"CPCRW_150d_up_CW_r4","C4","CPCRW","upland","constant weight","150 day",4,9.79715760897733e-07,9.79715760897733e-07,0,FALSE
"4",17696,2019-06-28 19:47:06,2,0.0001552947452599,0,158.51,9.79715760897733e-07,0,"CPCRW_150d_up_CW_r4","C4","CPCRW","upland","constant weight","150 day",4,9.79715760897733e-07,9.79715760897733e-07,0,FALSE
"4",17696,2019-06-28 19:47:06,2,0.0001552947452599,0,158.51,9.79715760897733e-07,0,"CPCRW_150d_up_CW_r4","C4","CPCRW","upland","constant weight","150 day",4,9.79715760897733e-07,9.79715760897733e-07,0,FALSE
"4",17696,2019-06-28 19:47:06,2,0.0001552947452599,0,158.51,9.79715760897733e-07,0,"CPCRW_150d_up_CW_r4","C4","CPCRW","upland","constant weight","150 day",4,9.79715760897733e-07,9.79715760897733e-07,0,FALSE
"4",17696,2019-06-28 19:47:06,2,0.0001552947452599,0,158.51,9.79715760897733e-07,0,"CPCRW_150d_up_CW_r4","C4","CPCRW","upland","constant weight","150 day",4,9.79715760897733e-07,9.79715760897733e-07,0,FALSE
"4",17696,2019-06-28 19:47:06,2,0.0001552947452599,0,158.51,9.79715760897733e-07,0,"CPCRW_150d_up_CW_r4","C4","CPCRW","upland","constant weight","150 day",4,9.79715760897733e-07,9.79715760897733e-07,0,FALSE
"4",17696,2019-06-28 19:47:06,2,0.0001552947452599,0,158.51,9.79715760897733e-07,0,"CPCRW_150d_up_CW_r4","C4","CPCRW","upland","constant weight","150 day",4,9.79715760897733e-07,9.79715760897733e-07,0,FALSE
"4",17696,2019-06-28 19:47:06,2,0.0001552947452599,0,158.51,9.79715760897733e-07,0,"CPCRW_150d_up_CW_r4","C4","CPCRW","upland","constant weight","150 day",4,9.79715760897733e-07,9.79715760897733e-07,0,FALSE
"4",17696,2019-06-28 19:47:06,2,0.0001552947452599,0,158.51,9.79715760897733e-07,0,"CPCRW_150d_up_CW_r4","C4","CPCRW","upland","constant weight","150 day",4,9.79715760897733e-07,9.79715760897733e-07,0,FALSE
"4",17696,2019-06-28 19:47:06,2,0.0001552947452599,0,158.51,9.79715760897733e-07,0,"CPCRW_150d_up_CW_r4","C4","CPCRW","upland","constant weight","150 day",4,9.79715760897733e-07,9.79715760897733e-07,0,FALSE
"55",17707,2019-06-28 20:07:21,3,6.11511880962235e-05,-9.14854582514344e-20,50.69,1.20637577621273e-06,-1.80480288521275e-21,"CPCRW_150d_low_CW_r4","C55","CPCRW","lowland","constant weight","150 day",4,1.20637577621273e-06,1.20637577621273e-06,0,FALSE
"55",17707,2019-06-28 20:07:21,3,6.11511880962235e-05,-9.14854582514344e-20,50.69,1.20637577621273e-06,-1.80480288521275e-21,"CPCRW_150d_low_CW_r4","C55","CPCRW","lowland","constant weight","150 day",4,1.20637577621273e-06,1.20637577621273e-06,0,FALSE
"55",17707,2019-06-28 20:07:21,3,6.11511880962235e-05,-9.14854582514344e-20,50.69,1.20637577621273e-06,-1.80480288521275e-21,"CPCRW_150d_low_CW_r4","C55","CPCRW","lowland","constant weight","150 day",4,1.20637577621273e-06,1.20637577621273e-06,0,FALSE
"55",17707,2019-06-28 20:07:21,3,6.11511880962235e-05,-9.14854582514344e-20,50.69,1.20637577621273e-06,-1.80480288521275e-21,"CPCRW_150d_low_CW_r4","C55","CPCRW","lowland","constant weight","150 day",4,1.20637577621273e-06,1.20637577621273e-06,0,FALSE
"55",17707,2019-06-28 20:07:21,3,6.11511880962235e-05,-9.14854582514344e-20,50.69,1.20637577621273e-06,-1.80480288521275e-21,"CPCRW_150d_low_CW_r4","C55","CPCRW","lowland","constant weight","150 day",4,1.20637577621273e-06,1.20637577621273e-06,0,FALSE
"55",17707,2019-06-28 20:07:21,3,6.11511880962235e-05,-9.14854582514344e-20,50.69,1.20637577621273e-06,-1.80480288521275e-21,"CPCRW_150d_low_CW_r4","C55","CPCRW","lowland","constant weight","150 day",4,1.20637577621273e-06,1.20637577621273e-06,0,FALSE
"55",17707,2019-06-28 20:07:21,3,6.11511880962235e-05,-9.14854582514344e-20,50.69,1.20637577621273e-06,-1.80480288521275e-21,"CPCRW_150d_low_CW_r4","C55","CPCRW","lowland","constant weight","150 day",4,1.20637577621273e-06,1.20637577621273e-06,0,FALSE
"55",17707,2019-06-28 20:07:21,3,6.11511880962235e-05,-9.14854582514344e-20,50.69,1.20637577621273e-06,-1.80480288521275e-21,"CPCRW_150d_low_CW_r4","C55","CPCRW","lowland","constant weight","150 day",4,1.20637577621273e-06,1.20637577621273e-06,0,FALSE
"55",17707,2019-06-28 20:07:21,3,6.11511880962235e-05,-9.14854582514344e-20,50.69,1.20637577621273e-06,-1.80480288521275e-21,"CPCRW_150d_low_CW_r4","C55","CPCRW","lowland","constant weight","150 day",4,1.20637577621273e-06,1.20637577621273e-06,0,FALSE
"55",17707,2019-06-28 20:07:21,3,6.11511880962235e-05,-9.14854582514344e-20,50.69,1.20637577621273e-06,-1.80480288521275e-21,"CPCRW_150d_low_CW_r4","C55","CPCRW","lowland","constant weight","150 day",4,1.20637577621273e-06,1.20637577621273e-06,0,FALSE
"55",17707,2019-06-28 20:07:21,3,6.11511880962235e-05,-9.14854582514344e-20,50.69,1.20637577621273e-06,-1.80480288521275e-21,"CPCRW_150d_low_CW_r4","C55","CPCRW","lowland","constant weight","150 day",4,1.20637577621273e-06,1.20637577621273e-06,0,FALSE
"55",17707,2019-06-28 20:07:21,3,6.11511880962235e-05,-9.14854582514344e-20,50.69,1.20637577621273e-06,-1.80480288521275e-21,"CPCRW_150d_low_CW_r4","C55","CPCRW","lowland","constant weight","150 day",4,1.20637577621273e-06,1.20637577621273e-06,0,FALSE
"55",17707,2019-06-28 20:07:21,3,6.11511880962235e-05,-9.14854582514344e-20,50.69,1.20637577621273e-06,-1.80480288521275e-21,"CPCRW_150d_low_CW_r4","C55","CPCRW","lowland","constant weight","150 day",4,1.20637577621273e-06,1.20637577621273e-06,0,FALSE
"55",17707,2019-06-28 20:07:21,3,6.11511880962235e-05,-9.14854582514344e-20,50.69,1.20637577621273e-06,-1.80480288521275e-21,"CPCRW_150d_low_CW_r4","C55","CPCRW","lowland","constant weight","150 day",4,1.20637577621273e-06,1.20637577621273e-06,0,FALSE
"55",17707,2019-06-28 20:07:21,3,6.11511880962235e-05,-9.14854582514344e-20,50.69,1.20637577621273e-06,-1.80480288521275e-21,"CPCRW_150d_low_CW_r4","C55","CPCRW","lowland","constant weight","150 day",4,1.20637577621273e-06,1.20637577621273e-06,0,FALSE
"55",17707,2019-06-28 20:07:21,3,6.11511880962235e-05,-9.14854582514344e-20,50.69,1.20637577621273e-06,-1.80480288521275e-21,"CPCRW_150d_low_CW_r4","C55","CPCRW","lowland","constant weight","150 day",4,1.20637577621273e-06,1.20637577621273e-06,0,FALSE
"55",17707,2019-06-28 20:07:21,3,6.11511880962235e-05,-9.14854582514344e-20,50.69,1.20637577621273e-06,-1.80480288521275e-21,"CPCRW_150d_low_CW_r4","C55","CPCRW","lowland","constant weight","150 day",4,1.20637577621273e-06,1.20637577621273e-06,0,FALSE
"55",17707,2019-06-28 20:07:21,3,6.11511880962235e-05,-9.14854582514344e-20,50.69,1.20637577621273e-06,-1.80480288521275e-21,"CPCRW_150d_low_CW_r4","C55","CPCRW","lowland","constant weight","150 day",4,1.20637577621273e-06,1.20637577621273e-06,0,FALSE
"55",17707,2019-06-28 20:07:21,3,6.11511880962235e-05,-9.14854582514344e-20,50.69,1.20637577621273e-06,-1.80480288521275e-21,"CPCRW_150d_low_CW_r4","C55","CPCRW","lowland","constant weight","150 day",4,1.20637577621273e-06,1.20637577621273e-06,0,FALSE
"55",17707,2019-06-28 20:07:21,3,6.11511880962235e-05,-9.14854582514344e-20,50.69,1.20637577621273e-06,-1.80480288521275e-21,"CPCRW_150d_low_CW_r4","C55","CPCRW","lowland","constant weight","150 day",4,1.20637577621273e-06,1.20637577621273e-06,0,FALSE
"55",17707,2019-06-28 20:07:21,3,6.11511880962235e-05,-9.14854582514344e-20,50.69,1.20637577621273e-06,-1.80480288521275e-21,"CPCRW_150d_low_CW_r4","C55","CPCRW","lowland","constant weight","150 day",4,1.20637577621273e-06,1.20637577621273e-06,0,FALSE
"55",17707,2019-06-28 20:07:21,3,6.11511880962235e-05,-9.14854582514344e-20,50.69,1.20637577621273e-06,-1.80480288521275e-21,"CPCRW_150d_low_CW_r4","C55","CPCRW","lowland","constant weight","150 day",4,1.20637577621273e-06,1.20637577621273e-06,0,FALSE
"55",17707,2019-06-28 20:07:21,3,6.11511880962235e-05,-9.14854582514344e-20,50.69,1.20637577621273e-06,-1.80480288521275e-21,"CPCRW_150d_low_CW_r4","C55","CPCRW","lowland","constant weight","150 day",4,1.20637577621273e-06,1.20637577621273e-06,0,FALSE
"55",17707,2019-06-28 20:07:21,3,6.11511880962235e-05,-9.14854582514344e-20,50.69,1.20637577621273e-06,-1.80480288521275e-21,"CPCRW_150d_low_CW_r4","C55","CPCRW","lowland","constant weight","150 day",4,1.20637577621273e-06,1.20637577621273e-06,0,FALSE
"55",17707,2019-06-28 20:07:21,3,6.11511880962235e-05,-9.14854582514344e-20,50.69,1.20637577621273e-06,-1.80480288521275e-21,"CPCRW_150d_low_CW_r4","C55","CPCRW","lowland","constant weight","150 day",4,1.20637577621273e-06,1.20637577621273e-06,0,FALSE
"55",17707,2019-06-28 20:07:21,3,6.11511880962235e-05,-9.14854582514344e-20,50.69,1.20637577621273e-06,-1.80480288521275e-21,"CPCRW_150d_low_CW_r4","C55","CPCRW","lowland","constant weight","150 day",4,1.20637577621273e-06,1.20637577621273e-06,0,FALSE
"55",17707,2019-06-28 20:07:21,3,6.11511880962235e-05,-9.14854582514344e-20,50.69,1.20637577621273e-06,-1.80480288521275e-21,"CPCRW_150d_low_CW_r4","C55","CPCRW","lowland","constant weight","150 day",4,1.20637577621273e-06,1.20637577621273e-06,0,FALSE
"55",17707,2019-06-28 20:07:21,3,6.11511880962235e-05,-9.14854582514344e-20,50.69,1.20637577621273e-06,-1.80480288521275e-21,"CPCRW_150d_low_CW_r4","C55","CPCRW","lowland","constant weight","150 day",4,1.20637577621273e-06,1.20637577621273e-06,0,FALSE
"55",17707,2019-06-28 20:07:21,3,6.11511880962235e-05,-9.14854582514344e-20,50.69,1.20637577621273e-06,-1.80480288521275e-21,"CPCRW_150d_low_CW_r4","C55","CPCRW","lowland","constant weight","150 day",4,1.20637577621273e-06,1.20637577621273e-06,0,FALSE
"55",17707,2019-06-28 20:07:21,3,6.11511880962235e-05,-9.14854582514344e-20,50.69,1.20637577621273e-06,-1.80480288521275e-21,"CPCRW_150d_low_CW_r4","C55","CPCRW","lowland","constant weight","150 day",4,1.20637577621273e-06,1.20637577621273e-06,0,FALSE
"55",17707,2019-06-28 20:07:21,3,6.11511880962235e-05,-9.14854582514344e-20,50.69,1.20637577621273e-06,-1.80480288521275e-21,"CPCRW_150d_low_CW_r4","C55","CPCRW","lowland","constant weight","150 day",4,1.20637577621273e-06,1.20637577621273e-06,0,FALSE
"55",17707,2019-06-28 20:07:21,3,6.11511880962235e-05,-9.14854582514344e-20,50.69,1.20637577621273e-06,-1.80480288521275e-21,"CPCRW_150d_low_CW_r4","C55","CPCRW","lowland","constant weight","150 day",4,1.20637577621273e-06,1.20637577621273e-06,0,FALSE
"60",17684,2019-06-28 19:32:08,3,0.000441313862600277,-1.50999156356052e-18,45.94,9.60630959077661e-06,-3.28687758720182e-20,"CPCRW_150d_low_CW_r1","C60","CPCRW","lowland","constant weight","150 day",1,9.60630959077661e-06,9.60630959077661e-06,0,FALSE
"60",17684,2019-06-28 19:32:08,3,0.000441313862600277,-1.50999156356052e-18,45.94,9.60630959077661e-06,-3.28687758720182e-20,"CPCRW_150d_low_CW_r1","C60","CPCRW","lowland","constant weight","150 day",1,9.60630959077661e-06,9.60630959077661e-06,0,FALSE
"60",17684,2019-06-28 19:32:08,3,0.000441313862600277,-1.50999156356052e-18,45.94,9.60630959077661e-06,-3.28687758720182e-20,"CPCRW_150d_low_CW_r1","C60","CPCRW","lowland","constant weight","150 day",1,9.60630959077661e-06,9.60630959077661e-06,0,FALSE
"60",17684,2019-06-28 19:32:08,3,0.000441313862600277,-1.50999156356052e-18,45.94,9.60630959077661e-06,-3.28687758720182e-20,"CPCRW_150d_low_CW_r1","C60","CPCRW","lowland","constant weight","150 day",1,9.60630959077661e-06,9.60630959077661e-06,0,FALSE
"60",17684,2019-06-28 19:32:08,3,0.000441313862600277,-1.50999156356052e-18,45.94,9.60630959077661e-06,-3.28687758720182e-20,"CPCRW_150d_low_CW_r1","C60","CPCRW","lowland","constant weight","150 day",1,9.60630959077661e-06,9.60630959077661e-06,0,FALSE
"60",17684,2019-06-28 19:32:08,3,0.000441313862600277,-1.50999156356052e-18,45.94,9.60630959077661e-06,-3.28687758720182e-20,"CPCRW_150d_low_CW_r1","C60","CPCRW","lowland","constant weight","150 day",1,9.60630959077661e-06,9.60630959077661e-06,0,FALSE
"60",17684,2019-06-28 19:32:08,3,0.000441313862600277,-1.50999156356052e-18,45.94,9.60630959077661e-06,-3.28687758720182e-20,"CPCRW_150d_low_CW_r1","C60","CPCRW","lowland","constant weight","150 day",1,9.60630959077661e-06,9.60630959077661e-06,0,FALSE
"60",17684,2019-06-28 19:32:08,3,0.000441313862600277,-1.50999156356052e-18,45.94,9.60630959077661e-06,-3.28687758720182e-20,"CPCRW_150d_low_CW_r1","C60","CPCRW","lowland","constant weight","150 day",1,9.60630959077661e-06,9.60630959077661e-06,0,FALSE
"60",17684,2019-06-28 19:32:08,3,0.000441313862600277,-1.50999156356052e-18,45.94,9.60630959077661e-06,-3.28687758720182e-20,"CPCRW_150d_low_CW_r1","C60","CPCRW","lowland","constant weight","150 day",1,9.60630959077661e-06,9.60630959077661e-06,0,FALSE
"60",17684,2019-06-28 19:32:08,3,0.000441313862600277,-1.50999156356052e-18,45.94,9.60630959077661e-06,-3.28687758720182e-20,"CPCRW_150d_low_CW_r1","C60","CPCRW","lowland","constant weight","150 day",1,9.60630959077661e-06,9.60630959077661e-06,0,FALSE
"60",17684,2019-06-28 19:32:08,3,0.000441313862600277,-1.50999156356052e-18,45.94,9.60630959077661e-06,-3.28687758720182e-20,"CPCRW_150d_low_CW_r1","C60","CPCRW","lowland","constant weight","150 day",1,9.60630959077661e-06,9.60630959077661e-06,0,FALSE
"60",17684,2019-06-28 19:32:08,3,0.000441313862600277,-1.50999156356052e-18,45.94,9.60630959077661e-06,-3.28687758720182e-20,"CPCRW_150d_low_CW_r1","C60","CPCRW","lowland","constant weight","150 day",1,9.60630959077661e-06,9.60630959077661e-06,0,FALSE
"60",17684,2019-06-28 19:32:08,3,0.000441313862600277,-1.50999156356052e-18,45.94,9.60630959077661e-06,-3.28687758720182e-20,"CPCRW_150d_low_CW_r1","C60","CPCRW","lowland","constant weight","150 day",1,9.60630959077661e-06,9.60630959077661e-06,0,FALSE
"60",17684,2019-06-28 19:32:08,3,0.000441313862600277,-1.50999156356052e-18,45.94,9.60630959077661e-06,-3.28687758720182e-20,"CPCRW_150d_low_CW_r1","C60","CPCRW","lowland","constant weight","150 day",1,9.60630959077661e-06,9.60630959077661e-06,0,FALSE
"60",17684,2019-06-28 19:32:08,3,0.000441313862600277,-1.50999156356052e-18,45.94,9.60630959077661e-06,-3.28687758720182e-20,"CPCRW_150d_low_CW_r1","C60","CPCRW","lowland","constant weight","150 day",1,9.60630959077661e-06,9.60630959077661e-06,0,FALSE
"60",17684,2019-06-28 19:32:08,3,0.000441313862600277,-1.50999156356052e-18,45.94,9.60630959077661e-06,-3.28687758720182e-20,"CPCRW_150d_low_CW_r1","C60","CPCRW","lowland","constant weight","150 day",1,9.60630959077661e-06,9.60630959077661e-06,0,FALSE
"60",17684,2019-06-28 19:32:08,3,0.000441313862600277,-1.50999156356052e-18,45.94,9.60630959077661e-06,-3.28687758720182e-20,"CPCRW_150d_low_CW_r1","C60","CPCRW","lowland","constant weight","150 day",1,9.60630959077661e-06,9.60630959077661e-06,0,FALSE
"60",17684,2019-06-28 19:32:08,3,0.000441313862600277,-1.50999156356052e-18,45.94,9.60630959077661e-06,-3.28687758720182e-20,"CPCRW_150d_low_CW_r1","C60","CPCRW","lowland","constant weight","150 day",1,9.60630959077661e-06,9.60630959077661e-06,0,FALSE
"60",17684,2019-06-28 19:32:08,3,0.000441313862600277,-1.50999156356052e-18,45.94,9.60630959077661e-06,-3.28687758720182e-20,"CPCRW_150d_low_CW_r1","C60","CPCRW","lowland","constant weight","150 day",1,9.60630959077661e-06,9.60630959077661e-06,0,FALSE
"60",17684,2019-06-28 19:32:08,3,0.000441313862600277,-1.50999156356052e-18,45.94,9.60630959077661e-06,-3.28687758720182e-20,"CPCRW_150d_low_CW_r1","C60","CPCRW","lowland","constant weight","150 day",1,9.60630959077661e-06,9.60630959077661e-06,0,FALSE
"60",17684,2019-06-28 19:32:08,3,0.000441313862600277,-1.50999156356052e-18,45.94,9.60630959077661e-06,-3.28687758720182e-20,"CPCRW_150d_low_CW_r1","C60","CPCRW","lowland","constant weight","150 day",1,9.60630959077661e-06,9.60630959077661e-06,0,FALSE
"60",17684,2019-06-28 19:32:08,3,0.000441313862600277,-1.50999156356052e-18,45.94,9.60630959077661e-06,-3.28687758720182e-20,"CPCRW_150d_low_CW_r1","C60","CPCRW","lowland","constant weight","150 day",1,9.60630959077661e-06,9.60630959077661e-06,0,FALSE
"60",17684,2019-06-28 19:32:08,3,0.000441313862600277,-1.50999156356052e-18,45.94,9.60630959077661e-06,-3.28687758720182e-20,"CPCRW_150d_low_CW_r1","C60","CPCRW","lowland","constant weight","150 day",1,9.60630959077661e-06,9.60630959077661e-06,0,FALSE
"60",17684,2019-06-28 19:32:08,3,0.000441313862600277,-1.50999156356052e-18,45.94,9.60630959077661e-06,-3.28687758720182e-20,"CPCRW_150d_low_CW_r1","C60","CPCRW","lowland","constant weight","150 day",1,9.60630959077661e-06,9.60630959077661e-06,0,FALSE
"60",17684,2019-06-28 19:32:08,3,0.000441313862600277,-1.50999156356052e-18,45.94,9.60630959077661e-06,-3.28687758720182e-20,"CPCRW_150d_low_CW_r1","C60","CPCRW","lowland","constant weight","150 day",1,9.60630959077661e-06,9.60630959077661e-06,0,FALSE
"60",17684,2019-06-28 19:32:08,3,0.000441313862600277,-1.50999156356052e-18,45.94,9.60630959077661e-06,-3.28687758720182e-20,"CPCRW_150d_low_CW_r1","C60","CPCRW","lowland","constant weight","150 day",1,9.60630959077661e-06,9.60630959077661e-06,0,FALSE
"60",17684,2019-06-28 19:32:08,3,0.000441313862600277,-1.50999156356052e-18,45.94,9.60630959077661e-06,-3.28687758720182e-20,"CPCRW_150d_low_CW_r1","C60","CPCRW","lowland","constant weight","150 day",1,9.60630959077661e-06,9.60630959077661e-06,0,FALSE
"60",17684,2019-06-28 19:32:08,3,0.000441313862600277,-1.50999156356052e-18,45.94,9.60630959077661e-06,-3.28687758720182e-20,"CPCRW_150d_low_CW_r1","C60","CPCRW","lowland","constant weight","150 day",1,9.60630959077661e-06,9.60630959077661e-06,0,FALSE
"60",17684,2019-06-28 19:32:08,3,0.000441313862600277,-1.50999156356052e-18,45.94,9.60630959077661e-06,-3.28687758720182e-20,"CPCRW_150d_low_CW_r1","C60","CPCRW","lowland","constant weight","150 day",1,9.60630959077661e-06,9.60630959077661e-06,0,FALSE
"60",17684,2019-06-28 19:32:08,3,0.000441313862600277,-1.50999156356052e-18,45.94,9.60630959077661e-06,-3.28687758720182e-20,"CPCRW_150d_low_CW_r1","C60","CPCRW","lowland","constant weight","150 day",1,9.60630959077661e-06,9.60630959077661e-06,0,FALSE
"60",17684,2019-06-28 19:32:08,3,0.000441313862600277,-1.50999156356052e-18,45.94,9.60630959077661e-06,-3.28687758720182e-20,"CPCRW_150d_low_CW_r1","C60","CPCRW","lowland","constant weight","150 day",1,9.60630959077661e-06,9.60630959077661e-06,0,FALSE
"62",17709,2019-06-28 20:19:45,3,0.000107941774472439,-9.02533727709703e-20,36.66,2.94440192232513e-06,-2.46190323979733e-21,"CPCRW_150d_low_CW_r2","C62","CPCRW","lowland","constant weight","150 day",2,2.94440192232513e-06,2.94440192232513e-06,0,FALSE
"62",17709,2019-06-28 20:19:45,3,0.000107941774472439,-9.02533727709703e-20,36.66,2.94440192232513e-06,-2.46190323979733e-21,"CPCRW_150d_low_CW_r2","C62","CPCRW","lowland","constant weight","150 day",2,2.94440192232513e-06,2.94440192232513e-06,0,FALSE
"62",17709,2019-06-28 20:19:45,3,0.000107941774472439,-9.02533727709703e-20,36.66,2.94440192232513e-06,-2.46190323979733e-21,"CPCRW_150d_low_CW_r2","C62","CPCRW","lowland","constant weight","150 day",2,2.94440192232513e-06,2.94440192232513e-06,0,FALSE
"62",17709,2019-06-28 20:19:45,3,0.000107941774472439,-9.02533727709703e-20,36.66,2.94440192232513e-06,-2.46190323979733e-21,"CPCRW_150d_low_CW_r2","C62","CPCRW","lowland","constant weight","150 day",2,2.94440192232513e-06,2.94440192232513e-06,0,FALSE
"62",17709,2019-06-28 20:19:45,3,0.000107941774472439,-9.02533727709703e-20,36.66,2.94440192232513e-06,-2.46190323979733e-21,"CPCRW_150d_low_CW_r2","C62","CPCRW","lowland","constant weight","150 day",2,2.94440192232513e-06,2.94440192232513e-06,0,FALSE
"62",17709,2019-06-28 20:19:45,3,0.000107941774472439,-9.02533727709703e-20,36.66,2.94440192232513e-06,-2.46190323979733e-21,"CPCRW_150d_low_CW_r2","C62","CPCRW","lowland","constant weight","150 day",2,2.94440192232513e-06,2.94440192232513e-06,0,FALSE
"62",17709,2019-06-28 20:19:45,3,0.000107941774472439,-9.02533727709703e-20,36.66,2.94440192232513e-06,-2.46190323979733e-21,"CPCRW_150d_low_CW_r2","C62","CPCRW","lowland","constant weight","150 day",2,2.94440192232513e-06,2.94440192232513e-06,0,FALSE
"62",17709,2019-06-28 20:19:45,3,0.000107941774472439,-9.02533727709703e-20,36.66,2.94440192232513e-06,-2.46190323979733e-21,"CPCRW_150d_low_CW_r2","C62","CPCRW","lowland","constant weight","150 day",2,2.94440192232513e-06,2.94440192232513e-06,0,FALSE
"62",17709,2019-06-28 20:19:45,3,0.000107941774472439,-9.02533727709703e-20,36.66,2.94440192232513e-06,-2.46190323979733e-21,"CPCRW_150d_low_CW_r2","C62","CPCRW","lowland","constant weight","150 day",2,2.94440192232513e-06,2.94440192232513e-06,0,FALSE
"62",17709,2019-06-28 20:19:45,3,0.000107941774472439,-9.02533727709703e-20,36.66,2.94440192232513e-06,-2.46190323979733e-21,"CPCRW_150d_low_CW_r2","C62","CPCRW","lowland","constant weight","150 day",2,2.94440192232513e-06,2.94440192232513e-06,0,FALSE
"62",17709,2019-06-28 20:19:45,3,0.000107941774472439,-9.02533727709703e-20,36.66,2.94440192232513e-06,-2.46190323979733e-21,"CPCRW_150d_low_CW_r2","C62","CPCRW","lowland","constant weight","150 day",2,2.94440192232513e-06,2.94440192232513e-06,0,FALSE
"62",17709,2019-06-28 20:19:45,3,0.000107941774472439,-9.02533727709703e-20,36.66,2.94440192232513e-06,-2.46190323979733e-21,"CPCRW_150d_low_CW_r2","C62","CPCRW","lowland","constant weight","150 day",2,2.94440192232513e-06,2.94440192232513e-06,0,FALSE
"62",17709,2019-06-28 20:19:45,3,0.000107941774472439,-9.02533727709703e-20,36.66,2.94440192232513e-06,-2.46190323979733e-21,"CPCRW_150d_low_CW_r2","C62","CPCRW","lowland","constant weight","150 day",2,2.94440192232513e-06,2.94440192232513e-06,0,FALSE
"62",17709,2019-06-28 20:19:45,3,0.000107941774472439,-9.02533727709703e-20,36.66,2.94440192232513e-06,-2.46190323979733e-21,"CPCRW_150d_low_CW_r2","C62","CPCRW","lowland","constant weight","150 day",2,2.94440192232513e-06,2.94440192232513e-06,0,FALSE
"62",17709,2019-06-28 20:19:45,3,0.000107941774472439,-9.02533727709703e-20,36.66,2.94440192232513e-06,-2.46190323979733e-21,"CPCRW_150d_low_CW_r2","C62","CPCRW","lowland","constant weight","150 day",2,2.94440192232513e-06,2.94440192232513e-06,0,FALSE
"62",17709,2019-06-28 20:19:45,3,0.000107941774472439,-9.02533727709703e-20,36.66,2.94440192232513e-06,-2.46190323979733e-21,"CPCRW_150d_low_CW_r2","C62","CPCRW","lowland","constant weight","150 day",2,2.94440192232513e-06,2.94440192232513e-06,0,FALSE
"62",17709,2019-06-28 20:19:45,3,0.000107941774472439,-9.02533727709703e-20,36.66,2.94440192232513e-06,-2.46190323979733e-21,"CPCRW_150d_low_CW_r2","C62","CPCRW","lowland","constant weight","150 day",2,2.94440192232513e-06,2.94440192232513e-06,0,FALSE
"62",17709,2019-06-28 20:19:45,3,0.000107941774472439,-9.02533727709703e-20,36.66,2.94440192232513e-06,-2.46190323979733e-21,"CPCRW_150d_low_CW_r2","C62","CPCRW","lowland","constant weight","150 day",2,2.94440192232513e-06,2.94440192232513e-06,0,FALSE
"62",17709,2019-06-28 20:19:45,3,0.000107941774472439,-9.02533727709703e-20,36.66,2.94440192232513e-06,-2.46190323979733e-21,"CPCRW_150d_low_CW_r2","C62","CPCRW","lowland","constant weight","150 day",2,2.94440192232513e-06,2.94440192232513e-06,0,FALSE
"62",17709,2019-06-28 20:19:45,3,0.000107941774472439,-9.02533727709703e-20,36.66,2.94440192232513e-06,-2.46190323979733e-21,"CPCRW_150d_low_CW_r2","C62","CPCRW","lowland","constant weight","150 day",2,2.94440192232513e-06,2.94440192232513e-06,0,FALSE
"62",17709,2019-06-28 20:19:45,3,0.000107941774472439,-9.02533727709703e-20,36.66,2.94440192232513e-06,-2.46190323979733e-21,"CPCRW_150d_low_CW_r2","C62","CPCRW","lowland","constant weight","150 day",2,2.94440192232513e-06,2.94440192232513e-06,0,FALSE
"62",17709,2019-06-28 20:19:45,3,0.000107941774472439,-9.02533727709703e-20,36.66,2.94440192232513e-06,-2.46190323979733e-21,"CPCRW_150d_low_CW_r2","C62","CPCRW","lowland","constant weight","150 day",2,2.94440192232513e-06,2.94440192232513e-06,0,FALSE
"62",17709,2019-06-28 20:19:45,3,0.000107941774472439,-9.02533727709703e-20,36.66,2.94440192232513e-06,-2.46190323979733e-21,"CPCRW_150d_low_CW_r2","C62","CPCRW","lowland","constant weight","150 day",2,2.94440192232513e-06,2.94440192232513e-06,0,FALSE
"62",17709,2019-06-28 20:19:45,3,0.000107941774472439,-9.02533727709703e-20,36.66,2.94440192232513e-06,-2.46190323979733e-21,"CPCRW_150d_low_CW_r2","C62","CPCRW","lowland","constant weight","150 day",2,2.94440192232513e-06,2.94440192232513e-06,0,FALSE
"62",17709,2019-06-28 20:19:45,3,0.000107941774472439,-9.02533727709703e-20,36.66,2.94440192232513e-06,-2.46190323979733e-21,"CPCRW_150d_low_CW_r2","C62","CPCRW","lowland","constant weight","150 day",2,2.94440192232513e-06,2.94440192232513e-06,0,FALSE
"62",17709,2019-06-28 20:19:45,3,0.000107941774472439,-9.02533727709703e-20,36.66,2.94440192232513e-06,-2.46190323979733e-21,"CPCRW_150d_low_CW_r2","C62","CPCRW","lowland","constant weight","150 day",2,2.94440192232513e-06,2.94440192232513e-06,0,FALSE
"62",17709,2019-06-28 20:19:45,3,0.000107941774472439,-9.02533727709703e-20,36.66,2.94440192232513e-06,-2.46190323979733e-21,"CPCRW_150d_low_CW_r2","C62","CPCRW","lowland","constant weight","150 day",2,2.94440192232513e-06,2.94440192232513e-06,0,FALSE
"62",17709,2019-06-28 20:19:45,3,0.000107941774472439,-9.02533727709703e-20,36.66,2.94440192232513e-06,-2.46190323979733e-21,"CPCRW_150d_low_CW_r2","C62","CPCRW","lowland","constant weight","150 day",2,2.94440192232513e-06,2.94440192232513e-06,0,FALSE
"62",17709,2019-06-28 20:19:45,3,0.000107941774472439,-9.02533727709703e-20,36.66,2.94440192232513e-06,-2.46190323979733e-21,"CPCRW_150d_low_CW_r2","C62","CPCRW","lowland","constant weight","150 day",2,2.94440192232513e-06,2.94440192232513e-06,0,FALSE
"62",17709,2019-06-28 20:19:45,3,0.000107941774472439,-9.02533727709703e-20,36.66,2.94440192232513e-06,-2.46190323979733e-21,"CPCRW_150d_low_CW_r2","C62","CPCRW","lowland","constant weight","150 day",2,2.94440192232513e-06,2.94440192232513e-06,0,FALSE
"62",17709,2019-06-28 20:19:45,3,0.000107941774472439,-9.02533727709703e-20,36.66,2.94440192232513e-06,-2.46190323979733e-21,"CPCRW_150d_low_CW_r2","C62","CPCRW","lowland","constant weight","150 day",2,2.94440192232513e-06,2.94440192232513e-06,0,FALSE
"72",17703,2019-06-28 19:57:26,3,0.000299451422907303,-8.96557490864057e-20,152.65,1.96168636034918e-06,-5.87328850877208e-22,"CPCRW_150d_low_CW_r3","C72","CPCRW","lowland","constant weight","150 day",3,1.96168636034918e-06,1.96168636034918e-06,0,FALSE
"72",17703,2019-06-28 19:57:26,3,0.000299451422907303,-8.96557490864057e-20,152.65,1.96168636034918e-06,-5.87328850877208e-22,"CPCRW_150d_low_CW_r3","C72","CPCRW","lowland","constant weight","150 day",3,1.96168636034918e-06,1.96168636034918e-06,0,FALSE
"72",17703,2019-06-28 19:57:26,3,0.000299451422907303,-8.96557490864057e-20,152.65,1.96168636034918e-06,-5.87328850877208e-22,"CPCRW_150d_low_CW_r3","C72","CPCRW","lowland","constant weight","150 day",3,1.96168636034918e-06,1.96168636034918e-06,0,FALSE
"72",17703,2019-06-28 19:57:26,3,0.000299451422907303,-8.96557490864057e-20,152.65,1.96168636034918e-06,-5.87328850877208e-22,"CPCRW_150d_low_CW_r3","C72","CPCRW","lowland","constant weight","150 day",3,1.96168636034918e-06,1.96168636034918e-06,0,FALSE
"72",17703,2019-06-28 19:57:26,3,0.000299451422907303,-8.96557490864057e-20,152.65,1.96168636034918e-06,-5.87328850877208e-22,"CPCRW_150d_low_CW_r3","C72","CPCRW","lowland","constant weight","150 day",3,1.96168636034918e-06,1.96168636034918e-06,0,FALSE
"72",17703,2019-06-28 19:57:26,3,0.000299451422907303,-8.96557490864057e-20,152.65,1.96168636034918e-06,-5.87328850877208e-22,"CPCRW_150d_low_CW_r3","C72","CPCRW","lowland","constant weight","150 day",3,1.96168636034918e-06,1.96168636034918e-06,0,FALSE
"72",17703,2019-06-28 19:57:26,3,0.000299451422907303,-8.96557490864057e-20,152.65,1.96168636034918e-06,-5.87328850877208e-22,"CPCRW_150d_low_CW_r3","C72","CPCRW","lowland","constant weight","150 day",3,1.96168636034918e-06,1.96168636034918e-06,0,FALSE
"72",17703,2019-06-28 19:57:26,3,0.000299451422907303,-8.96557490864057e-20,152.65,1.96168636034918e-06,-5.87328850877208e-22,"CPCRW_150d_low_CW_r3","C72","CPCRW","lowland","constant weight","150 day",3,1.96168636034918e-06,1.96168636034918e-06,0,FALSE
"72",17703,2019-06-28 19:57:26,3,0.000299451422907303,-8.96557490864057e-20,152.65,1.96168636034918e-06,-5.87328850877208e-22,"CPCRW_150d_low_CW_r3","C72","CPCRW","lowland","constant weight","150 day",3,1.96168636034918e-06,1.96168636034918e-06,0,FALSE
"72",17703,2019-06-28 19:57:26,3,0.000299451422907303,-8.96557490864057e-20,152.65,1.96168636034918e-06,-5.87328850877208e-22,"CPCRW_150d_low_CW_r3","C72","CPCRW","lowland","constant weight","150 day",3,1.96168636034918e-06,1.96168636034918e-06,0,FALSE
"72",17703,2019-06-28 19:57:26,3,0.000299451422907303,-8.96557490864057e-20,152.65,1.96168636034918e-06,-5.87328850877208e-22,"CPCRW_150d_low_CW_r3","C72","CPCRW","lowland","constant weight","150 day",3,1.96168636034918e-06,1.96168636034918e-06,0,FALSE
"72",17703,2019-06-28 19:57:26,3,0.000299451422907303,-8.96557490864057e-20,152.65,1.96168636034918e-06,-5.87328850877208e-22,"CPCRW_150d_low_CW_r3","C72","CPCRW","lowland","constant weight","150 day",3,1.96168636034918e-06,1.96168636034918e-06,0,FALSE
"72",17703,2019-06-28 19:57:26,3,0.000299451422907303,-8.96557490864057e-20,152.65,1.96168636034918e-06,-5.87328850877208e-22,"CPCRW_150d_low_CW_r3","C72","CPCRW","lowland","constant weight","150 day",3,1.96168636034918e-06,1.96168636034918e-06,0,FALSE
"72",17703,2019-06-28 19:57:26,3,0.000299451422907303,-8.96557490864057e-20,152.65,1.96168636034918e-06,-5.87328850877208e-22,"CPCRW_150d_low_CW_r3","C72","CPCRW","lowland","constant weight","150 day",3,1.96168636034918e-06,1.96168636034918e-06,0,FALSE
"72",17703,2019-06-28 19:57:26,3,0.000299451422907303,-8.96557490864057e-20,152.65,1.96168636034918e-06,-5.87328850877208e-22,"CPCRW_150d_low_CW_r3","C72","CPCRW","lowland","constant weight","150 day",3,1.96168636034918e-06,1.96168636034918e-06,0,FALSE
"72",17703,2019-06-28 19:57:26,3,0.000299451422907303,-8.96557490864057e-20,152.65,1.96168636034918e-06,-5.87328850877208e-22,"CPCRW_150d_low_CW_r3","C72","CPCRW","lowland","constant weight","150 day",3,1.96168636034918e-06,1.96168636034918e-06,0,FALSE
"72",17703,2019-06-28 19:57:26,3,0.000299451422907303,-8.96557490864057e-20,152.65,1.96168636034918e-06,-5.87328850877208e-22,"CPCRW_150d_low_CW_r3","C72","CPCRW","lowland","constant weight","150 day",3,1.96168636034918e-06,1.96168636034918e-06,0,FALSE
"72",17703,2019-06-28 19:57:26,3,0.000299451422907303,-8.96557490864057e-20,152.65,1.96168636034918e-06,-5.87328850877208e-22,"CPCRW_150d_low_CW_r3","C72","CPCRW","lowland","constant weight","150 day",3,1.96168636034918e-06,1.96168636034918e-06,0,FALSE
"72",17703,2019-06-28 19:57:26,3,0.000299451422907303,-8.96557490864057e-20,152.65,1.96168636034918e-06,-5.87328850877208e-22,"CPCRW_150d_low_CW_r3","C72","CPCRW","lowland","constant weight","150 day",3,1.96168636034918e-06,1.96168636034918e-06,0,FALSE
"72",17703,2019-06-28 19:57:26,3,0.000299451422907303,-8.96557490864057e-20,152.65,1.96168636034918e-06,-5.87328850877208e-22,"CPCRW_150d_low_CW_r3","C72","CPCRW","lowland","constant weight","150 day",3,1.96168636034918e-06,1.96168636034918e-06,0,FALSE
"72",17703,2019-06-28 19:57:26,3,0.000299451422907303,-8.96557490864057e-20,152.65,1.96168636034918e-06,-5.87328850877208e-22,"CPCRW_150d_low_CW_r3","C72","CPCRW","lowland","constant weight","150 day",3,1.96168636034918e-06,1.96168636034918e-06,0,FALSE
"72",17703,2019-06-28 19:57:26,3,0.000299451422907303,-8.96557490864057e-20,152.65,1.96168636034918e-06,-5.87328850877208e-22,"CPCRW_150d_low_CW_r3","C72","CPCRW","lowland","constant weight","150 day",3,1.96168636034918e-06,1.96168636034918e-06,0,FALSE
"72",17703,2019-06-28 19:57:26,3,0.000299451422907303,-8.96557490864057e-20,152.65,1.96168636034918e-06,-5.87328850877208e-22,"CPCRW_150d_low_CW_r3","C72","CPCRW","lowland","constant weight","150 day",3,1.96168636034918e-06,1.96168636034918e-06,0,FALSE
"72",17703,2019-06-28 19:57:26,3,0.000299451422907303,-8.96557490864057e-20,152.65,1.96168636034918e-06,-5.87328850877208e-22,"CPCRW_150d_low_CW_r3","C72","CPCRW","lowland","constant weight","150 day",3,1.96168636034918e-06,1.96168636034918e-06,0,FALSE
"72",17703,2019-06-28 19:57:26,3,0.000299451422907303,-8.96557490864057e-20,152.65,1.96168636034918e-06,-5.87328850877208e-22,"CPCRW_150d_low_CW_r3","C72","CPCRW","lowland","constant weight","150 day",3,1.96168636034918e-06,1.96168636034918e-06,0,FALSE
"72",17703,2019-06-28 19:57:26,3,0.000299451422907303,-8.96557490864057e-20,152.65,1.96168636034918e-06,-5.87328850877208e-22,"CPCRW_150d_low_CW_r3","C72","CPCRW","lowland","constant weight","150 day",3,1.96168636034918e-06,1.96168636034918e-06,0,FALSE
"72",17703,2019-06-28 19:57:26,3,0.000299451422907303,-8.96557490864057e-20,152.65,1.96168636034918e-06,-5.87328850877208e-22,"CPCRW_150d_low_CW_r3","C72","CPCRW","lowland","constant weight","150 day",3,1.96168636034918e-06,1.96168636034918e-06,0,FALSE
"72",17703,2019-06-28 19:57:26,3,0.000299451422907303,-8.96557490864057e-20,152.65,1.96168636034918e-06,-5.87328850877208e-22,"CPCRW_150d_low_CW_r3","C72","CPCRW","lowland","constant weight","150 day",3,1.96168636034918e-06,1.96168636034918e-06,0,FALSE
"72",17703,2019-06-28 19:57:26,3,0.000299451422907303,-8.96557490864057e-20,152.65,1.96168636034918e-06,-5.87328850877208e-22,"CPCRW_150d_low_CW_r3","C72","CPCRW","lowland","constant weight","150 day",3,1.96168636034918e-06,1.96168636034918e-06,0,FALSE
"72",17703,2019-06-28 19:57:26,3,0.000299451422907303,-8.96557490864057e-20,152.65,1.96168636034918e-06,-5.87328850877208e-22,"CPCRW_150d_low_CW_r3","C72","CPCRW","lowland","constant weight","150 day",3,1.96168636034918e-06,1.96168636034918e-06,0,FALSE
